order_id,customer_id,order_date,status,payment_method
1,1,2026-09-12,Completed,PayPal
2,1,2026-09-12,Completed,Gift Card
3,1,2026-09-07,Completed,PayPal
4,1,2026-08-28,Completed,Card
5,1,2026-09-06,Completed,Gift Card
6,1,2026-09-09,Completed,Gift Card
7,1,2026-09-03,Cancelled,PayPal
8,1,2026-09-07,Completed,Bank Transfer
9,1,2026-09-08,Completed,Bank Transfer
10,1,2026-09-01,Completed,Bank Transfer
11,1,2026-09-03,Completed,Bank Transfer
12,1,2026-08-30,Completed,PayPal
13,2,2026-05-19,Returned,PayPal
14,3,2026-03-18,Completed,PayPal
15,4,2026-08-02,Completed,PayPal
16,5,2026-08-26,Completed,Gift Card
17,6,2026-02-02,Completed,Card
18,7,2024-02-24,Completed,Gift Card
19,9,2026-08-26,Completed,Bank Transfer
20,9,2026-06-17,Completed,PayPal
21,9,2026-06-06,Completed,Bank Transfer
22,9,2026-05-18,Completed,Card
23,9,2026-06-26,Cancelled,PayPal
24,9,2026-09-07,Completed,PayPal
25,9,2026-07-05,Completed,PayPal
26,9,2026-05-26,Completed,Card
27,10,2025-06-22,Completed,Gift Card
28,10,2024-03-20,Returned,Card
29,10,2024-02-13,Completed,Bank Transfer
30,10,2024-03-04,Completed,Bank Transfer
31,11,2026-04-06,Completed,Card
32,12,2026-07-15,Completed,Gift Card
33,12,2026-05-14,Completed,Gift Card
34,12,2025-09-13,Completed,Card
35,12,2025-09-02,Completed,Card
36,13,2024-12-18,Completed,Card
37,13,2025-05-12,Completed,Bank Transfer
38,13,2024-06-27,Completed,Bank Transfer
39,15,2025-01-07,Completed,PayPal
40,15,2025-02-09,Completed,Bank Transfer
41,15,2023-10-19,Completed,PayPal
42,15,2025-11-10,Completed,PayPal
43,15,2026-08-15,Completed,PayPal
44,15,2025-11-01,Returned,Bank Transfer
45,15,2025-01-20,Completed,Card
46,15,2025-08-29,Completed,PayPal
47,16,2024-04-03,Completed,Bank Transfer
48,16,2025-09-28,Completed,Gift Card
49,16,2026-02-14,Completed,Bank Transfer
50,16,2024-11-08,Completed,Bank Transfer
51,16,2025-05-09,Completed,Card
52,16,2025-06-08,Cancelled,Card
53,16,2024-02-15,Completed,Bank Transfer
54,16,2024-01-03,Completed,Bank Transfer
55,17,2025-04-23,Completed,Gift Card
56,17,2025-03-17,Completed,Bank Transfer
57,17,2024-04-23,Completed,PayPal
58,18,2025-12-11,Completed,PayPal
59,18,2024-11-05,Completed,Bank Transfer
60,18,2025-02-16,Completed,Gift Card
61,18,2026-07-09,Completed,Card
62,18,2025-03-18,Completed,Bank Transfer
63,20,2024-07-21,Completed,Gift Card
64,20,2026-05-09,Completed,PayPal
65,20,2025-02-27,Completed,Bank Transfer
66,20,2026-09-01,Completed,PayPal
67,21,2024-11-18,Cancelled,PayPal
68,23,2025-01-06,Completed,Bank Transfer
69,24,2025-05-02,Completed,Bank Transfer
70,24,2024-10-14,Completed,Card
71,24,2026-03-07,Completed,Card
72,25,2025-08-11,Completed,Card
73,25,2026-08-19,Returned,Bank Transfer
74,25,2025-12-25,Completed,Card
75,25,2026-03-31,Completed,Bank Transfer
76,25,2025-12-25,Completed,Bank Transfer
77,25,2025-03-30,Completed,Bank Transfer
78,25,2025-04-28,Cancelled,Card
79,25,2026-02-11,Completed,Card
80,26,2026-07-23,Cancelled,Bank Transfer
81,26,2026-08-20,Completed,PayPal
82,26,2025-10-02,Completed,PayPal
83,27,2025-06-22,Completed,Bank Transfer
84,27,2026-01-17,Completed,Bank Transfer
85,27,2026-01-30,Completed,PayPal
86,27,2025-10-07,Completed,PayPal
87,27,2026-06-02,Completed,Bank Transfer
88,28,2025-04-04,Completed,Gift Card
89,28,2025-09-23,Completed,Gift Card
90,28,2025-03-26,Completed,Gift Card
91,29,2023-08-10,Completed,Gift Card
92,29,2026-07-02,Completed,Bank Transfer
93,29,2023-07-20,Completed,Card
94,29,2025-10-21,Completed,PayPal
95,30,2026-03-08,Completed,Gift Card
96,30,2024-03-13,Completed,PayPal
97,30,2024-12-24,Completed,Card
98,30,2024-04-18,Completed,Bank Transfer
99,30,2025-08-13,Completed,Gift Card
100,31,2024-09-19,Completed,Card
101,31,2025-05-28,Completed,PayPal
102,31,2024-11-05,Completed,Card
103,32,2026-08-15,Completed,PayPal
104,32,2026-06-21,Returned,PayPal
105,32,2026-07-09,Completed,Card
106,32,2026-08-27,Completed,Card
107,33,2026-01-07,Completed,Bank Transfer
108,33,2026-09-13,Cancelled,Card
109,33,2026-05-10,Completed,Gift Card
110,34,2026-09-14,Completed,Gift Card
111,34,2026-05-30,Completed,Card
112,34,2026-03-24,Completed,Bank Transfer
113,34,2026-04-03,Completed,Card
114,34,2026-03-29,Completed,Card
115,35,2025-12-23,Completed,PayPal
116,36,2024-08-25,Completed,Bank Transfer
117,37,2024-09-02,Completed,Bank Transfer
118,37,2025-08-08,Completed,Card
119,37,2024-03-25,Completed,Bank Transfer
120,37,2026-03-29,Completed,Card
121,37,2026-07-24,Completed,Gift Card
122,38,2024-06-28,Completed,Bank Transfer
123,38,2024-12-24,Completed,PayPal
124,38,2026-04-30,Completed,Card
125,38,2025-06-27,Completed,Gift Card
126,39,2025-05-03,Completed,Bank Transfer
127,39,2024-12-25,Completed,Bank Transfer
128,39,2024-11-03,Completed,Card
129,39,2024-08-02,Completed,PayPal
130,39,2025-01-10,Completed,PayPal
131,40,2025-03-25,Returned,Gift Card
132,40,2025-02-27,Completed,Bank Transfer
133,40,2025-12-31,Returned,Card
134,40,2026-05-20,Cancelled,Gift Card
135,41,2026-02-11,Completed,Card
136,41,2026-09-07,Completed,Gift Card
137,41,2025-10-27,Completed,PayPal
138,41,2025-12-30,Completed,Gift Card
139,41,2026-09-09,Completed,Gift Card
140,41,2026-01-08,Cancelled,Gift Card
141,41,2026-06-27,Completed,Gift Card
142,41,2025-10-02,Completed,Bank Transfer
143,43,2026-08-06,Completed,Gift Card
144,43,2026-09-12,Completed,Bank Transfer
145,43,2025-01-02,Completed,PayPal
146,45,2026-05-25,Completed,PayPal
147,45,2026-08-19,Completed,PayPal
148,46,2025-08-24,Cancelled,PayPal
149,46,2026-05-13,Completed,PayPal
150,46,2025-05-01,Completed,Gift Card
151,46,2023-09-10,Completed,Gift Card
152,46,2025-05-13,Completed,PayPal
153,47,2025-07-22,Completed,Card
154,47,2025-02-15,Completed,Bank Transfer
155,47,2026-05-15,Cancelled,Card
156,47,2025-12-03,Completed,PayPal
157,47,2026-01-24,Completed,Card
158,47,2026-02-07,Completed,Bank Transfer
159,47,2023-12-22,Completed,Bank Transfer
160,47,2026-01-04,Completed,Bank Transfer
161,47,2024-03-22,Completed,PayPal
162,47,2024-11-18,Completed,Gift Card
163,47,2025-12-05,Completed,Gift Card
164,47,2024-12-31,Completed,Card
165,48,2026-06-19,Completed,PayPal
166,48,2025-12-18,Completed,PayPal
167,48,2026-02-25,Completed,Gift Card
168,49,2026-08-02,Completed,Gift Card
169,50,2026-07-09,Completed,Gift Card
170,50,2026-06-11,Completed,Gift Card
171,50,2024-07-24,Completed,Card
172,50,2024-07-26,Completed,Gift Card
173,50,2024-06-27,Completed,Bank Transfer
174,50,2026-08-14,Completed,Card
175,50,2025-09-23,Completed,Card
176,50,2024-07-21,Completed,Bank Transfer
177,50,2025-11-20,Returned,PayPal
178,50,2026-06-03,Completed,Gift Card
179,50,2024-06-29,Cancelled,Card
180,50,2024-10-10,Completed,Bank Transfer
181,51,2023-04-28,Completed,Card
182,51,2025-10-25,Completed,Bank Transfer
183,51,2025-01-26,Completed,Bank Transfer
184,51,2026-03-05,Completed,Gift Card
185,51,2024-07-14,Returned,Gift Card
186,52,2025-04-24,Completed,PayPal
187,53,2025-07-18,Completed,PayPal
188,53,2024-12-30,Completed,Card
189,53,2026-05-22,Completed,Bank Transfer
190,53,2025-07-14,Completed,PayPal
191,54,2023-08-18,Completed,Card
192,54,2023-11-23,Completed,Card
193,55,2026-03-20,Completed,PayPal
194,55,2025-12-09,Completed,Card
195,55,2026-03-21,Completed,Gift Card
196,55,2026-03-23,Completed,Card
197,55,2026-05-21,Completed,PayPal
198,55,2025-10-21,Completed,Gift Card
199,55,2026-04-24,Completed,PayPal
200,55,2026-05-08,Completed,PayPal
201,55,2026-02-05,Completed,Bank Transfer
202,55,2025-12-16,Completed,Card
203,55,2025-11-25,Completed,PayPal
204,55,2026-03-22,Completed,PayPal
205,56,2025-11-18,Completed,Bank Transfer
206,56,2026-05-13,Completed,Gift Card
207,57,2024-09-08,Completed,Gift Card
208,57,2025-04-12,Completed,PayPal
209,57,2024-05-19,Completed,Card
210,58,2025-03-14,Completed,PayPal
211,58,2026-08-08,Completed,PayPal
212,58,2026-05-01,Completed,PayPal
213,59,2026-08-06,Cancelled,Gift Card
214,59,2026-09-05,Completed,Card
215,60,2026-05-26,Returned,PayPal
216,60,2024-06-28,Completed,Bank Transfer
217,60,2023-10-17,Completed,Gift Card
218,60,2026-02-20,Completed,PayPal
219,60,2026-07-08,Completed,PayPal
220,61,2024-06-24,Completed,PayPal
221,61,2026-04-19,Completed,Gift Card
222,61,2024-12-27,Completed,PayPal
223,61,2024-03-17,Completed,Card
224,61,2025-05-16,Completed,Card
225,62,2024-04-25,Returned,PayPal
226,63,2025-03-13,Completed,Bank Transfer
227,63,2025-05-01,Completed,Bank Transfer
228,64,2023-05-14,Completed,Gift Card
229,64,2023-06-26,Completed,Card
230,64,2025-09-15,Completed,PayPal
231,64,2023-09-07,Completed,Gift Card
232,64,2024-12-09,Completed,Card
233,64,2026-09-01,Completed,Gift Card
234,64,2023-06-06,Completed,Bank Transfer
235,64,2023-07-31,Completed,Bank Transfer
236,64,2023-10-01,Completed,Bank Transfer
237,64,2025-07-13,Completed,Bank Transfer
238,64,2024-11-04,Completed,Card
239,64,2023-04-11,Completed,Card
240,65,2024-07-15,Completed,Card
241,65,2025-02-14,Completed,Gift Card
242,66,2026-09-07,Completed,Gift Card
243,66,2026-05-23,Completed,PayPal
244,66,2026-07-31,Completed,Bank Transfer
245,66,2026-01-12,Completed,Card
246,66,2025-01-27,Completed,Bank Transfer
247,66,2024-11-13,Completed,Card
248,66,2026-06-26,Completed,PayPal
249,66,2025-02-18,Completed,Gift Card
250,67,2026-01-26,Completed,Card
251,67,2025-09-07,Returned,Bank Transfer
252,68,2026-08-19,Completed,Card
253,68,2025-11-09,Cancelled,Card
254,69,2025-07-01,Completed,Bank Transfer
255,69,2025-08-06,Completed,Gift Card
256,69,2025-07-19,Completed,Bank Transfer
257,69,2026-01-16,Returned,PayPal
258,69,2026-07-30,Completed,Card
259,69,2025-08-02,Completed,PayPal
260,69,2026-09-04,Completed,Gift Card
261,69,2024-12-30,Completed,PayPal
262,69,2025-07-19,Returned,Card
263,69,2025-02-16,Completed,Card
264,69,2026-07-20,Completed,PayPal
265,69,2025-12-04,Completed,PayPal
266,70,2026-01-11,Completed,Gift Card
267,71,2025-10-27,Completed,Card
268,72,2026-05-20,Completed,PayPal
269,72,2025-10-17,Completed,Gift Card
270,72,2025-08-18,Completed,Bank Transfer
271,72,2026-04-15,Completed,Gift Card
272,73,2026-02-09,Completed,Gift Card
273,73,2026-01-07,Completed,Gift Card
274,73,2026-02-13,Completed,Gift Card
275,74,2025-03-21,Completed,PayPal
276,75,2024-03-12,Returned,Card
277,75,2024-08-07,Completed,Bank Transfer
278,75,2025-06-07,Completed,PayPal
279,75,2025-08-08,Completed,PayPal
280,76,2025-11-27,Returned,PayPal
281,76,2026-05-22,Completed,Card
282,77,2026-03-08,Cancelled,PayPal
283,78,2026-06-08,Completed,Bank Transfer
284,78,2026-08-31,Completed,Gift Card
285,78,2026-08-29,Completed,Bank Transfer
286,78,2026-09-12,Completed,Gift Card
287,79,2024-11-14,Completed,Gift Card
288,79,2025-10-23,Completed,Card
289,80,2026-05-13,Completed,Gift Card
290,82,2025-06-03,Completed,PayPal
291,82,2026-08-10,Completed,Gift Card
292,82,2023-12-17,Completed,Gift Card
293,82,2024-10-22,Completed,Bank Transfer
294,82,2025-01-08,Completed,Card
295,84,2026-06-13,Completed,Gift Card
296,84,2026-08-11,Completed,Gift Card
297,86,2026-05-08,Completed,Bank Transfer
298,87,2026-07-12,Completed,Bank Transfer
299,87,2024-05-14,Completed,Card
300,87,2025-07-18,Completed,Bank Transfer
301,88,2026-01-22,Completed,Bank Transfer
302,88,2026-04-22,Completed,PayPal
303,89,2026-01-31,Returned,Card
304,89,2025-07-08,Completed,PayPal
305,89,2024-02-06,Completed,Gift Card
306,89,2024-02-14,Completed,Bank Transfer
307,90,2025-12-30,Returned,Gift Card
308,90,2025-06-27,Completed,Bank Transfer
309,91,2026-01-30,Completed,PayPal
310,91,2025-03-05,Completed,PayPal
311,92,2026-02-04,Completed,Card
312,92,2026-03-16,Cancelled,Card
313,92,2026-07-17,Completed,Gift Card
314,92,2025-12-10,Completed,PayPal
315,92,2026-07-01,Completed,PayPal
316,93,2025-06-26,Cancelled,Card
317,93,2024-05-23,Completed,Card
318,93,2025-01-03,Completed,Card
319,93,2025-05-25,Completed,Gift Card
320,94,2026-05-18,Completed,PayPal
321,95,2024-02-14,Completed,PayPal
322,96,2026-02-04,Completed,Gift Card
323,96,2026-05-31,Returned,Card
324,96,2026-08-03,Completed,Bank Transfer
325,96,2026-01-26,Completed,Gift Card
326,96,2026-01-13,Cancelled,Card
327,96,2026-05-27,Completed,Bank Transfer
328,96,2026-02-28,Completed,PayPal
329,96,2026-07-19,Completed,Gift Card
330,98,2024-12-04,Completed,PayPal
331,99,2026-08-06,Returned,Gift Card
332,100,2024-05-03,Completed,Bank Transfer
333,100,2025-08-11,Completed,PayPal
334,101,2025-08-03,Completed,PayPal
335,101,2026-07-27,Returned,Card
336,101,2025-12-10,Completed,Bank Transfer
337,101,2025-06-24,Completed,PayPal
338,101,2025-07-29,Completed,Bank Transfer
339,101,2026-08-03,Completed,Gift Card
340,101,2025-12-01,Completed,PayPal
341,101,2025-08-01,Completed,PayPal
342,102,2026-08-26,Completed,Gift Card
343,102,2026-09-11,Completed,Gift Card
344,103,2024-02-15,Completed,PayPal
345,103,2026-03-02,Completed,Bank Transfer
346,103,2026-08-25,Completed,Gift Card
347,103,2025-02-24,Completed,Card
348,104,2026-01-08,Completed,Bank Transfer
349,105,2024-08-09,Returned,PayPal
350,105,2026-06-26,Cancelled,Card
351,106,2024-08-20,Completed,Gift Card
352,106,2024-12-30,Completed,Bank Transfer
353,107,2023-11-03,Completed,Bank Transfer
354,107,2024-11-16,Completed,Bank Transfer
355,107,2023-04-09,Completed,PayPal
356,108,2025-11-27,Completed,PayPal
357,108,2026-02-20,Completed,Bank Transfer
358,108,2025-12-14,Completed,Bank Transfer
359,109,2026-09-01,Completed,Card
360,109,2026-09-05,Completed,Gift Card
361,109,2026-08-31,Completed,PayPal
362,109,2026-08-30,Completed,Bank Transfer
363,109,2026-09-04,Completed,PayPal
364,110,2025-08-20,Completed,PayPal
365,111,2024-07-20,Completed,Bank Transfer
366,111,2024-04-16,Cancelled,Bank Transfer
367,111,2026-01-16,Cancelled,PayPal
368,111,2026-07-28,Completed,Gift Card
369,111,2024-09-14,Completed,Gift Card
370,112,2024-03-17,Completed,PayPal
371,112,2024-06-03,Completed,Card
372,112,2024-04-08,Completed,Bank Transfer
373,112,2025-01-09,Completed,Card
374,112,2024-09-11,Completed,Bank Transfer
375,114,2025-10-05,Completed,Gift Card
376,114,2025-06-09,Completed,Gift Card
377,114,2025-05-04,Completed,Gift Card
378,114,2026-04-12,Completed,Card
379,114,2026-03-03,Cancelled,Gift Card
380,114,2026-03-28,Completed,Bank Transfer
381,114,2025-10-14,Completed,PayPal
382,114,2025-12-29,Completed,PayPal
383,115,2026-09-03,Cancelled,PayPal
384,115,2026-01-03,Returned,Gift Card
385,116,2026-07-01,Completed,Gift Card
386,116,2025-10-13,Completed,Gift Card
387,116,2025-07-10,Completed,Card
388,117,2025-02-12,Completed,Card
389,117,2026-07-04,Completed,PayPal
390,117,2025-09-09,Completed,Card
391,117,2025-02-03,Completed,PayPal
392,117,2026-02-03,Completed,Bank Transfer
393,117,2025-11-05,Completed,Bank Transfer
394,117,2025-06-27,Returned,Gift Card
395,117,2026-05-07,Completed,Card
396,118,2024-07-26,Completed,PayPal
397,118,2025-12-13,Completed,PayPal
398,118,2026-09-08,Completed,Bank Transfer
399,119,2026-04-01,Completed,PayPal
400,119,2024-12-18,Completed,PayPal
401,121,2026-06-13,Completed,PayPal
402,121,2026-08-23,Completed,Gift Card
403,121,2026-05-17,Completed,Card
404,121,2026-08-12,Completed,Gift Card
405,121,2026-07-10,Completed,PayPal
406,121,2026-06-21,Completed,Gift Card
407,121,2026-05-18,Completed,PayPal
408,121,2026-05-30,Completed,Card
409,121,2026-08-17,Completed,Card
410,121,2026-06-15,Completed,Gift Card
411,121,2026-07-07,Completed,Gift Card
412,121,2026-04-30,Completed,Gift Card
413,122,2026-07-21,Completed,Gift Card
414,122,2026-09-06,Completed,Card
415,123,2025-07-28,Completed,Gift Card
416,123,2026-06-30,Completed,Bank Transfer
417,123,2026-02-09,Cancelled,Card
418,123,2024-09-08,Completed,Gift Card
419,123,2023-12-12,Completed,Card
420,124,2025-09-27,Completed,PayPal
421,124,2024-11-17,Completed,Gift Card
422,124,2025-12-09,Completed,Card
423,124,2025-09-04,Completed,Card
424,124,2025-06-07,Cancelled,PayPal
425,124,2025-09-29,Returned,PayPal
426,124,2025-04-02,Completed,Card
427,124,2025-08-13,Cancelled,Gift Card
428,124,2025-01-30,Cancelled,Gift Card
429,124,2025-12-22,Completed,Card
430,124,2026-01-18,Completed,Gift Card
431,124,2025-02-26,Completed,Bank Transfer
432,125,2026-08-08,Completed,Card
433,125,2026-08-21,Cancelled,Bank Transfer
434,125,2026-07-01,Cancelled,PayPal
435,126,2026-04-12,Cancelled,Gift Card
436,126,2025-11-28,Completed,Gift Card
437,126,2026-06-14,Completed,Card
438,126,2026-05-25,Completed,Gift Card
439,126,2026-07-02,Completed,Gift Card
440,127,2026-04-15,Completed,Bank Transfer
441,127,2026-03-30,Completed,Gift Card
442,127,2026-07-26,Completed,Bank Transfer
443,127,2026-02-20,Completed,Card
444,127,2026-03-14,Completed,PayPal
445,127,2026-04-24,Completed,PayPal
446,127,2026-03-18,Completed,Card
447,127,2026-06-06,Completed,Bank Transfer
448,127,2026-02-12,Completed,Bank Transfer
449,127,2025-11-03,Completed,Card
450,127,2026-08-06,Completed,PayPal
451,127,2026-03-10,Completed,PayPal
452,128,2026-05-31,Returned,Gift Card
453,129,2024-01-21,Completed,Bank Transfer
454,130,2026-08-06,Completed,Bank Transfer
455,130,2026-06-15,Returned,Card
456,131,2025-04-30,Completed,Bank Transfer
457,131,2024-12-18,Completed,Bank Transfer
458,132,2025-11-22,Completed,Bank Transfer
459,132,2024-05-29,Completed,Bank Transfer
460,132,2024-02-15,Completed,Gift Card
461,133,2024-10-22,Completed,Gift Card
462,133,2025-06-22,Completed,PayPal
463,133,2025-03-20,Completed,Bank Transfer
464,133,2026-04-09,Cancelled,PayPal
465,134,2025-12-20,Completed,Card
466,134,2026-09-02,Completed,Bank Transfer
467,134,2026-04-21,Completed,Bank Transfer
468,134,2025-11-26,Completed,Bank Transfer
469,134,2026-08-23,Completed,Card
470,135,2024-05-24,Completed,Bank Transfer
471,135,2024-05-23,Cancelled,Bank Transfer
472,136,2026-08-25,Completed,Card
473,136,2026-08-29,Completed,Gift Card
474,137,2026-06-06,Completed,PayPal
475,137,2024-02-15,Completed,PayPal
476,137,2024-08-12,Completed,Bank Transfer
477,137,2025-04-21,Returned,Card
478,137,2026-04-28,Completed,PayPal
479,138,2026-08-22,Completed,Gift Card
480,138,2026-06-19,Completed,Card
481,138,2026-06-21,Completed,Card
482,139,2025-08-22,Cancelled,PayPal
483,139,2025-11-15,Completed,Gift Card
484,139,2024-07-21,Completed,Card
485,140,2025-01-11,Completed,PayPal
486,140,2025-08-08,Returned,Card
487,140,2024-09-23,Completed,Bank Transfer
488,140,2025-03-05,Cancelled,Bank Transfer
489,140,2026-03-17,Completed,PayPal
490,140,2025-06-16,Completed,Gift Card
491,140,2024-07-03,Completed,Bank Transfer
492,140,2024-02-19,Returned,Card
493,140,2025-02-21,Returned,Bank Transfer
494,140,2024-09-01,Completed,Card
495,140,2025-03-08,Returned,Card
496,140,2025-05-31,Completed,PayPal
497,141,2025-06-17,Returned,PayPal
498,141,2026-08-28,Completed,PayPal
499,141,2025-11-27,Cancelled,Gift Card
500,141,2025-05-04,Completed,Card
501,142,2026-02-11,Completed,Gift Card
502,143,2025-05-12,Completed,Bank Transfer
503,144,2024-01-04,Completed,Card
504,144,2024-01-11,Completed,Gift Card
505,144,2026-01-15,Completed,Card
506,144,2025-03-30,Cancelled,Bank Transfer
507,144,2025-12-31,Completed,Card
508,145,2024-06-09,Completed,Card
509,145,2025-11-27,Completed,Card
510,145,2026-08-28,Completed,Gift Card
511,145,2024-02-19,Completed,Gift Card
512,145,2023-06-20,Completed,Gift Card
513,145,2026-08-09,Returned,Gift Card
514,145,2025-09-02,Completed,Bank Transfer
515,145,2026-09-05,Completed,Bank Transfer
516,146,2025-05-11,Cancelled,PayPal
517,147,2024-06-15,Completed,Gift Card
518,147,2026-03-30,Cancelled,PayPal
519,147,2025-05-07,Completed,Bank Transfer
520,147,2024-06-28,Completed,Card
521,148,2025-11-01,Completed,Gift Card
522,149,2025-04-01,Completed,Gift Card
523,149,2026-08-05,Completed,Gift Card
524,149,2026-01-08,Completed,Card
525,149,2025-10-25,Returned,Bank Transfer
526,150,2024-09-16,Completed,Gift Card
527,150,2026-04-18,Completed,Card
528,150,2024-01-16,Completed,Bank Transfer
529,151,2026-07-15,Completed,Card
530,151,2026-06-29,Completed,Gift Card
531,151,2025-06-24,Completed,Bank Transfer
532,152,2026-05-29,Completed,Card
533,153,2026-04-22,Returned,Gift Card
534,153,2025-10-02,Completed,PayPal
535,153,2025-06-03,Completed,PayPal
536,153,2025-11-24,Completed,PayPal
537,153,2026-04-19,Completed,Bank Transfer
538,154,2025-04-03,Returned,Gift Card
539,154,2023-04-07,Completed,Gift Card
540,154,2025-09-09,Completed,Bank Transfer
541,154,2025-10-03,Completed,Card
542,155,2025-03-09,Completed,Gift Card
543,157,2024-08-04,Completed,Bank Transfer
544,158,2025-08-29,Completed,PayPal
545,159,2025-08-26,Completed,Card
546,159,2026-06-26,Completed,Card
547,160,2026-08-24,Completed,Gift Card
548,160,2026-08-25,Completed,PayPal
549,160,2026-07-29,Completed,Gift Card
550,161,2026-07-20,Completed,Card
551,161,2024-03-09,Completed,PayPal
552,161,2024-11-28,Completed,Bank Transfer
553,161,2023-07-24,Completed,Bank Transfer
554,161,2024-08-08,Completed,Gift Card
555,162,2025-11-23,Completed,Card
556,162,2024-03-14,Cancelled,Card
557,162,2025-11-30,Completed,PayPal
558,163,2026-05-16,Completed,PayPal
559,164,2026-07-13,Completed,PayPal
560,165,2026-03-05,Completed,PayPal
561,165,2025-12-12,Completed,Card
562,165,2025-10-27,Returned,Bank Transfer
563,165,2025-03-05,Completed,PayPal
564,165,2026-07-12,Completed,Card
565,165,2026-07-31,Completed,Gift Card
566,165,2026-09-04,Completed,Card
567,165,2025-04-14,Completed,PayPal
568,166,2025-12-25,Completed,Card
569,166,2025-07-11,Completed,Gift Card
570,168,2026-04-15,Returned,Card
571,168,2025-11-06,Completed,PayPal
572,168,2026-03-31,Completed,Bank Transfer
573,168,2025-10-01,Cancelled,PayPal
574,168,2026-03-27,Cancelled,PayPal
575,168,2025-11-27,Completed,PayPal
576,168,2026-06-06,Completed,PayPal
577,168,2025-10-31,Completed,Bank Transfer
578,170,2026-06-07,Completed,Card
579,170,2026-06-07,Completed,Bank Transfer
580,172,2025-06-12,Completed,Card
581,172,2025-08-19,Completed,Bank Transfer
582,172,2026-01-16,Completed,Card
583,173,2024-10-23,Completed,PayPal
584,174,2026-06-20,Completed,Gift Card
585,174,2026-05-05,Completed,Bank Transfer
586,175,2025-12-22,Completed,PayPal
587,177,2024-07-11,Completed,Gift Card
588,178,2026-03-03,Completed,Gift Card
589,178,2025-09-02,Completed,Card
590,178,2026-05-15,Completed,PayPal
591,178,2025-11-04,Completed,Bank Transfer
592,178,2025-09-09,Completed,Bank Transfer
593,179,2025-11-02,Completed,Gift Card
594,179,2026-07-25,Cancelled,Gift Card
595,181,2024-12-17,Completed,Card
596,181,2025-12-27,Completed,Card
597,182,2026-08-29,Completed,Card
598,183,2023-09-17,Completed,Gift Card
599,183,2025-03-26,Completed,Card
600,183,2024-06-06,Cancelled,Card
601,183,2025-12-23,Returned,Bank Transfer
602,183,2025-01-18,Completed,Bank Transfer
603,184,2025-12-03,Completed,Gift Card
604,185,2026-03-12,Completed,Card
605,185,2024-07-18,Returned,Gift Card
606,185,2025-04-12,Completed,Card
607,185,2026-04-21,Completed,Card
608,185,2024-11-08,Completed,PayPal
609,186,2025-02-15,Completed,PayPal
610,186,2025-02-13,Completed,Gift Card
611,186,2023-12-22,Completed,Bank Transfer
612,186,2024-03-07,Completed,Card
613,188,2024-05-18,Completed,PayPal
614,188,2025-01-19,Cancelled,Bank Transfer
615,188,2026-09-05,Completed,Gift Card
616,188,2023-01-31,Completed,PayPal
617,188,2023-09-27,Completed,Bank Transfer
618,189,2025-09-20,Completed,Gift Card
619,190,2025-05-27,Completed,Card
620,191,2026-08-27,Completed,Card
621,191,2026-08-31,Completed,Card
622,191,2026-09-09,Cancelled,PayPal
623,191,2026-09-05,Completed,Card
624,192,2026-08-25,Completed,Bank Transfer
625,192,2026-09-06,Completed,Bank Transfer
626,193,2026-05-12,Completed,Bank Transfer
627,193,2026-03-26,Completed,Gift Card
628,193,2026-06-19,Completed,Bank Transfer
629,194,2025-01-28,Completed,PayPal
630,194,2026-06-07,Completed,PayPal
631,194,2025-09-20,Completed,Bank Transfer
632,194,2026-06-14,Completed,Card
633,194,2025-06-19,Completed,Bank Transfer
634,196,2026-08-03,Completed,Card
635,197,2026-01-28,Completed,Bank Transfer
636,197,2026-03-23,Completed,Card
637,200,2023-12-12,Returned,Gift Card
638,201,2025-12-21,Completed,Card
639,201,2023-07-18,Completed,PayPal
640,201,2026-07-12,Completed,Card
641,201,2026-09-01,Completed,Gift Card
642,201,2024-12-09,Completed,PayPal
643,202,2024-01-03,Completed,PayPal
644,202,2025-08-04,Completed,Card
645,202,2023-12-01,Completed,Gift Card
646,203,2026-02-08,Completed,Gift Card
647,203,2025-06-09,Completed,Bank Transfer
648,203,2026-02-22,Completed,PayPal
649,203,2026-03-12,Completed,Bank Transfer
650,203,2025-01-26,Completed,Card
651,204,2026-04-30,Completed,PayPal
652,204,2026-01-05,Completed,Gift Card
653,204,2025-04-09,Completed,PayPal
654,204,2025-11-15,Cancelled,Card
655,205,2023-08-26,Completed,PayPal
656,205,2026-01-16,Completed,PayPal
657,206,2025-05-29,Completed,Card
658,207,2025-07-30,Completed,Bank Transfer
659,207,2025-03-14,Completed,Card
660,209,2026-04-18,Completed,Card
661,209,2026-04-14,Completed,Card
662,209,2024-12-07,Completed,Gift Card
663,210,2025-12-04,Completed,Bank Transfer
664,210,2025-12-15,Returned,Gift Card
665,210,2026-04-07,Completed,Gift Card
666,212,2026-06-16,Cancelled,Bank Transfer
667,212,2025-05-01,Completed,Card
668,212,2025-11-03,Completed,Bank Transfer
669,212,2026-07-14,Completed,PayPal
670,212,2025-08-18,Completed,PayPal
671,213,2024-12-18,Completed,Card
672,213,2025-07-23,Completed,Card
673,213,2023-10-18,Completed,Bank Transfer
674,213,2023-12-07,Completed,Gift Card
675,213,2026-03-21,Completed,PayPal
676,214,2025-02-22,Returned,Bank Transfer
677,214,2024-03-20,Completed,Bank Transfer
678,214,2025-08-07,Completed,Card
679,215,2025-01-03,Completed,Gift Card
680,215,2025-06-22,Completed,PayPal
681,215,2026-07-14,Completed,Bank Transfer
682,215,2025-12-22,Completed,PayPal
683,217,2026-08-29,Cancelled,Card
684,217,2026-07-05,Completed,Bank Transfer
685,217,2026-06-01,Completed,Bank Transfer
686,217,2026-08-12,Cancelled,Bank Transfer
687,217,2026-07-24,Completed,PayPal
688,217,2026-05-05,Completed,Card
689,217,2026-05-09,Completed,Card
690,217,2026-05-23,Completed,PayPal
691,218,2024-11-01,Completed,Card
692,219,2025-05-08,Completed,Card
693,219,2024-12-18,Completed,PayPal
694,219,2026-06-03,Cancelled,Card
695,219,2025-09-04,Completed,Bank Transfer
696,219,2025-12-10,Completed,PayPal
697,220,2024-08-17,Cancelled,Gift Card
698,220,2026-02-10,Completed,Gift Card
699,220,2024-07-15,Completed,Bank Transfer
700,220,2025-08-26,Completed,PayPal
701,220,2026-03-08,Completed,Bank Transfer
702,221,2024-04-11,Cancelled,Card
703,221,2026-03-12,Completed,Bank Transfer
704,221,2025-08-30,Completed,Card
705,221,2024-02-12,Completed,Card
706,222,2025-12-02,Completed,Bank Transfer
707,222,2025-09-24,Completed,Bank Transfer
708,223,2026-03-05,Completed,Card
709,223,2026-06-18,Completed,Gift Card
710,224,2025-09-15,Completed,Bank Transfer
711,224,2026-01-15,Completed,Gift Card
712,224,2023-08-08,Completed,Bank Transfer
713,225,2025-10-29,Completed,PayPal
714,225,2025-12-26,Completed,Card
715,225,2025-11-22,Completed,Gift Card
716,225,2025-06-26,Completed,Card
717,225,2026-04-17,Completed,PayPal
718,225,2026-02-05,Completed,Gift Card
719,225,2024-12-11,Completed,Bank Transfer
720,225,2025-09-30,Completed,PayPal
721,225,2026-06-06,Cancelled,PayPal
722,225,2025-02-02,Completed,Card
723,225,2025-05-12,Completed,Gift Card
724,225,2024-11-02,Completed,Gift Card
725,226,2024-10-25,Returned,Gift Card
726,226,2025-05-29,Completed,Card
727,226,2025-04-24,Cancelled,Gift Card
728,226,2023-10-01,Cancelled,Bank Transfer
729,226,2025-03-15,Completed,PayPal
730,227,2025-07-03,Completed,Card
731,227,2025-05-21,Completed,Bank Transfer
732,227,2026-06-18,Completed,Bank Transfer
733,228,2025-07-15,Completed,Gift Card
734,228,2025-08-30,Completed,Bank Transfer
735,228,2024-08-29,Completed,Gift Card
736,228,2025-12-11,Completed,Gift Card
737,228,2026-01-21,Returned,Bank Transfer
738,229,2025-08-09,Completed,Card
739,230,2025-01-10,Completed,Bank Transfer
740,231,2026-07-21,Completed,Gift Card
741,231,2024-06-09,Completed,PayPal
742,231,2024-09-25,Completed,PayPal
743,232,2025-01-31,Completed,PayPal
744,232,2024-11-28,Completed,PayPal
745,232,2025-12-14,Returned,Gift Card
746,233,2026-08-01,Returned,Card
747,234,2026-04-05,Completed,Bank Transfer
748,235,2025-08-08,Completed,Gift Card
749,235,2024-06-11,Completed,Gift Card
750,235,2025-04-20,Completed,PayPal
751,235,2025-10-08,Returned,Card
752,235,2026-05-22,Completed,Gift Card
753,235,2024-05-20,Completed,Gift Card
754,235,2025-05-05,Returned,Gift Card
755,235,2025-06-22,Completed,Gift Card
756,235,2024-01-30,Completed,PayPal
757,235,2025-12-07,Completed,PayPal
758,235,2026-05-13,Completed,Bank Transfer
759,235,2025-12-21,Completed,Card
760,237,2026-06-15,Cancelled,Gift Card
761,238,2026-07-05,Completed,PayPal
762,238,2026-07-15,Cancelled,PayPal
763,239,2024-02-18,Completed,Bank Transfer
764,239,2024-07-19,Completed,Card
765,240,2026-06-28,Completed,Bank Transfer
766,240,2024-03-26,Completed,Bank Transfer
767,240,2025-12-31,Cancelled,PayPal
768,240,2024-08-31,Completed,Gift Card
769,240,2023-08-02,Completed,Gift Card
770,240,2025-07-29,Completed,Gift Card
771,240,2024-02-01,Completed,PayPal
772,240,2026-07-11,Completed,PayPal
773,240,2024-04-29,Completed,Bank Transfer
774,240,2025-12-21,Completed,Card
775,240,2025-10-30,Completed,Bank Transfer
776,240,2025-01-22,Cancelled,Card
777,241,2026-03-29,Completed,Card
778,241,2026-03-20,Completed,Card
779,241,2025-04-23,Completed,Card
780,241,2026-01-12,Completed,Card
781,242,2026-01-31,Completed,Bank Transfer
782,242,2024-03-07,Returned,PayPal
783,244,2025-07-12,Completed,Gift Card
784,244,2025-05-19,Completed,PayPal
785,244,2026-09-14,Completed,Card
786,244,2026-06-30,Completed,Bank Transfer
787,244,2026-05-28,Completed,PayPal
788,244,2026-06-29,Completed,Gift Card
789,244,2026-01-26,Completed,Card
790,244,2026-01-27,Completed,Gift Card
791,244,2025-09-18,Completed,Bank Transfer
792,244,2025-07-05,Completed,Card
793,244,2026-02-05,Completed,Gift Card
794,244,2026-07-28,Returned,Gift Card
795,245,2024-07-14,Completed,Gift Card
796,245,2025-04-23,Completed,Card
797,245,2025-12-26,Completed,Gift Card
798,246,2023-10-14,Completed,Bank Transfer
799,246,2023-08-06,Completed,Gift Card
800,247,2026-02-22,Completed,Bank Transfer
801,247,2025-10-06,Completed,Card
802,247,2024-09-05,Completed,Card
803,247,2024-05-27,Cancelled,Gift Card
804,247,2024-09-19,Completed,PayPal
805,247,2025-08-16,Completed,Card
806,247,2024-10-27,Completed,Card
807,247,2024-05-05,Completed,Card
808,247,2024-12-25,Completed,Gift Card
809,247,2023-12-03,Completed,Gift Card
810,247,2023-12-21,Completed,Bank Transfer
811,247,2023-12-08,Completed,PayPal
812,248,2026-05-12,Completed,PayPal
813,249,2025-06-17,Completed,PayPal
814,249,2025-10-22,Completed,Card
815,249,2025-06-20,Cancelled,Card
816,249,2026-05-27,Completed,Bank Transfer
817,250,2026-05-22,Completed,Bank Transfer
818,251,2025-03-28,Completed,PayPal
819,251,2026-03-28,Completed,Card
820,252,2025-05-21,Completed,PayPal
821,252,2026-05-28,Cancelled,Card
822,252,2026-08-01,Completed,Card
823,253,2026-04-02,Completed,Card
824,253,2025-06-20,Completed,Card
825,253,2026-04-09,Completed,PayPal
826,253,2025-11-10,Completed,Gift Card
827,254,2026-04-14,Completed,Gift Card
828,254,2025-10-19,Returned,Bank Transfer
829,254,2025-09-01,Completed,Gift Card
830,254,2025-09-11,Completed,Bank Transfer
831,254,2025-03-06,Completed,Card
832,255,2024-01-14,Completed,Gift Card
833,255,2024-12-04,Completed,Card
834,256,2026-08-05,Completed,Gift Card
835,257,2025-01-13,Completed,Bank Transfer
836,258,2023-11-29,Completed,Gift Card
837,258,2026-05-22,Completed,PayPal
838,258,2026-08-09,Completed,PayPal
839,258,2023-11-05,Completed,Card
840,259,2023-10-09,Completed,Gift Card
841,260,2026-06-13,Completed,Gift Card
842,261,2026-07-02,Completed,Card
843,261,2026-09-02,Completed,Card
844,261,2026-08-21,Completed,Gift Card
845,261,2026-08-01,Returned,Gift Card
846,262,2024-11-02,Completed,Gift Card
847,262,2025-04-14,Cancelled,PayPal
848,263,2026-05-23,Returned,Bank Transfer
849,263,2026-05-28,Completed,Card
850,263,2025-11-01,Completed,Gift Card
851,264,2026-06-13,Completed,Bank Transfer
852,264,2026-07-21,Completed,Gift Card
853,264,2026-08-26,Completed,Gift Card
854,265,2026-05-27,Completed,Card
855,265,2025-12-22,Completed,Card
856,265,2025-03-02,Completed,Card
857,266,2026-04-28,Completed,PayPal
858,266,2025-06-22,Completed,Bank Transfer
859,267,2026-08-05,Completed,Card
860,268,2025-08-19,Completed,PayPal
861,268,2025-11-10,Completed,Gift Card
862,268,2025-12-04,Completed,PayPal
863,268,2025-07-01,Completed,PayPal
864,269,2026-02-04,Completed,Card
865,269,2025-07-15,Completed,PayPal
866,269,2025-10-21,Completed,Card
867,270,2024-01-23,Cancelled,Gift Card
868,271,2025-10-22,Completed,Card
869,271,2025-08-26,Completed,Bank Transfer
870,271,2025-08-26,Completed,Gift Card
871,273,2026-05-01,Completed,Gift Card
872,273,2025-10-27,Cancelled,Gift Card
873,273,2026-07-28,Completed,Bank Transfer
874,274,2026-09-13,Cancelled,Bank Transfer
875,274,2026-09-13,Completed,PayPal
876,274,2026-09-12,Completed,PayPal
877,274,2026-09-12,Completed,Bank Transfer
878,274,2026-09-12,Completed,Gift Card
879,274,2026-09-07,Completed,Card
880,274,2026-09-07,Completed,Bank Transfer
881,274,2026-09-07,Completed,Gift Card
882,275,2025-05-10,Returned,Gift Card
883,275,2024-12-17,Completed,Bank Transfer
884,275,2025-07-26,Returned,Bank Transfer
885,276,2025-12-22,Completed,Card
886,276,2026-02-16,Cancelled,Bank Transfer
887,277,2023-06-15,Completed,PayPal
888,277,2026-06-02,Completed,Card
889,277,2024-06-09,Returned,Bank Transfer
890,278,2026-01-20,Completed,Bank Transfer
891,278,2026-07-20,Completed,Bank Transfer
892,278,2026-01-31,Completed,Card
893,278,2026-06-16,Completed,Gift Card
894,279,2025-03-22,Completed,PayPal
895,279,2025-05-27,Completed,Card
896,279,2025-06-11,Returned,Bank Transfer
897,280,2026-04-11,Returned,Card
898,280,2026-07-08,Completed,PayPal
899,281,2025-09-11,Completed,Bank Transfer
900,281,2026-05-21,Completed,Card
901,281,2026-08-03,Completed,Gift Card
902,281,2026-06-13,Cancelled,Card
903,281,2025-12-26,Completed,PayPal
904,281,2025-12-01,Completed,Card
905,281,2026-08-18,Completed,Card
906,281,2026-05-20,Completed,Card
907,282,2026-02-14,Completed,PayPal
908,282,2025-05-07,Completed,Gift Card
909,282,2024-09-27,Completed,PayPal
910,283,2024-11-27,Cancelled,Gift Card
911,283,2026-04-17,Cancelled,Card
912,284,2024-02-04,Completed,Bank Transfer
913,285,2025-06-05,Returned,Gift Card
914,286,2026-07-30,Completed,Bank Transfer
915,286,2026-05-21,Returned,Bank Transfer
916,286,2026-04-24,Returned,PayPal
917,286,2026-07-28,Cancelled,Card
918,287,2026-07-31,Completed,Bank Transfer
919,287,2026-06-23,Completed,Gift Card
920,287,2026-08-09,Completed,Card
921,287,2026-04-28,Completed,PayPal
922,288,2026-08-18,Completed,Card
923,288,2026-08-24,Completed,Gift Card
924,288,2026-08-17,Completed,Bank Transfer
925,289,2025-05-20,Completed,Bank Transfer
926,290,2026-01-19,Completed,PayPal
927,290,2024-08-21,Completed,Bank Transfer
928,290,2025-08-13,Completed,Gift Card
929,290,2026-04-26,Completed,Gift Card
930,290,2023-12-11,Completed,Gift Card
931,290,2025-05-17,Completed,PayPal
932,290,2025-07-05,Returned,Gift Card
933,290,2024-05-23,Completed,Gift Card
934,291,2026-04-16,Completed,Gift Card
935,291,2025-11-05,Completed,Bank Transfer
936,291,2024-12-20,Completed,Gift Card
937,291,2025-01-08,Completed,Bank Transfer
938,291,2024-12-02,Completed,Card
939,291,2023-06-11,Completed,PayPal
940,291,2023-04-14,Cancelled,PayPal
941,291,2025-09-21,Completed,PayPal
942,291,2023-05-16,Completed,PayPal
943,291,2025-08-07,Completed,Card
944,291,2026-06-17,Completed,Bank Transfer
945,291,2025-08-24,Completed,Card
946,292,2026-08-09,Completed,Gift Card
947,292,2026-08-05,Completed,Gift Card
948,292,2026-08-07,Completed,Bank Transfer
949,293,2024-12-25,Cancelled,Card
950,293,2025-12-20,Completed,Gift Card
951,293,2025-02-10,Completed,PayPal
952,293,2025-03-17,Completed,Card
953,293,2025-10-24,Completed,Gift Card
954,293,2025-12-15,Completed,Card
955,293,2025-02-22,Cancelled,Card
956,293,2025-07-27,Completed,Gift Card
957,294,2025-04-24,Completed,PayPal
958,294,2025-05-02,Completed,PayPal
959,294,2026-07-24,Completed,Card
960,294,2026-07-26,Completed,PayPal
961,295,2026-07-16,Completed,Gift Card
962,295,2025-05-17,Completed,Gift Card
963,295,2025-01-30,Completed,Gift Card
964,295,2025-06-29,Completed,Bank Transfer
965,295,2026-07-06,Completed,Gift Card
966,295,2026-02-06,Completed,PayPal
967,295,2026-01-12,Completed,Card
968,295,2025-06-08,Cancelled,Bank Transfer
969,295,2025-12-14,Completed,Card
970,295,2025-07-27,Returned,Gift Card
971,295,2025-01-15,Completed,Card
972,295,2025-07-02,Completed,Card
973,296,2026-06-11,Completed,Gift Card
974,297,2026-03-28,Completed,PayPal
975,297,2026-06-20,Completed,Gift Card
976,298,2026-07-10,Completed,PayPal
977,298,2026-03-16,Completed,Card
978,299,2026-06-16,Completed,Bank Transfer
979,299,2024-10-28,Completed,Bank Transfer
980,299,2025-04-15,Completed,Gift Card
981,299,2025-08-04,Completed,Card
982,300,2024-03-23,Completed,Gift Card
983,300,2023-12-01,Completed,Card
984,300,2025-11-11,Completed,PayPal
985,300,2024-12-08,Completed,PayPal
986,301,2025-07-29,Completed,Bank Transfer
987,301,2026-06-29,Completed,PayPal
988,301,2025-12-29,Cancelled,Card
989,302,2026-05-07,Completed,PayPal
990,302,2025-07-14,Completed,PayPal
991,302,2025-03-25,Completed,PayPal
992,302,2024-11-26,Completed,PayPal
993,302,2026-08-06,Completed,Bank Transfer
994,302,2025-02-18,Completed,Gift Card
995,302,2026-03-05,Completed,PayPal
996,302,2025-08-11,Completed,Gift Card
997,303,2026-09-04,Cancelled,Card
998,303,2026-09-04,Completed,PayPal
999,303,2026-08-15,Completed,Bank Transfer
1000,304,2026-07-15,Completed,PayPal
1001,304,2026-06-03,Completed,Gift Card
1002,304,2026-06-28,Completed,Gift Card
1003,304,2026-07-08,Completed,Gift Card
1004,305,2026-07-31,Returned,Gift Card
1005,305,2025-01-09,Completed,Bank Transfer
1006,305,2024-05-23,Completed,PayPal
1007,305,2026-01-18,Completed,PayPal
1008,306,2026-04-29,Cancelled,Bank Transfer
1009,307,2026-07-20,Completed,PayPal
1010,308,2026-04-12,Completed,Bank Transfer
1011,309,2025-03-28,Cancelled,Bank Transfer
1012,309,2025-08-11,Cancelled,Gift Card
1013,309,2025-05-11,Completed,Card
1014,310,2025-06-16,Cancelled,PayPal
1015,310,2025-11-18,Completed,PayPal
1016,311,2026-01-04,Cancelled,Card
1017,311,2024-02-27,Completed,PayPal
1018,311,2025-12-08,Returned,Bank Transfer
1019,311,2025-10-25,Completed,Gift Card
1020,311,2025-11-22,Completed,Bank Transfer
1021,313,2025-11-24,Completed,Bank Transfer
1022,313,2026-01-29,Cancelled,PayPal
1023,313,2025-09-04,Completed,Bank Transfer
1024,313,2025-07-01,Completed,PayPal
1025,313,2025-12-08,Completed,Card
1026,314,2026-09-10,Completed,Bank Transfer
1027,314,2026-09-13,Completed,Card
1028,314,2026-09-07,Completed,PayPal
1029,314,2026-09-11,Completed,Card
1030,315,2025-06-24,Cancelled,Bank Transfer
1031,316,2026-03-12,Cancelled,PayPal
1032,316,2025-06-18,Completed,Gift Card
1033,316,2026-07-07,Completed,PayPal
1034,317,2026-03-05,Completed,Gift Card
1035,317,2026-07-10,Completed,Bank Transfer
1036,318,2026-08-31,Completed,PayPal
1037,318,2026-09-12,Completed,Bank Transfer
1038,318,2026-09-07,Completed,PayPal
1039,318,2026-08-13,Completed,Card
1040,321,2025-05-11,Returned,Bank Transfer
1041,321,2025-12-13,Completed,PayPal
1042,321,2025-05-03,Returned,Bank Transfer
1043,321,2025-10-11,Completed,Gift Card
1044,321,2026-05-26,Completed,Gift Card
1045,322,2026-08-19,Completed,Card
1046,322,2026-09-07,Returned,Gift Card
1047,322,2026-08-29,Completed,PayPal
1048,322,2026-09-07,Completed,Bank Transfer
1049,322,2026-08-27,Completed,PayPal
1050,322,2026-07-27,Completed,PayPal
1051,322,2026-08-11,Completed,Bank Transfer
1052,322,2026-08-05,Completed,Bank Transfer
1053,323,2026-03-07,Completed,Card
1054,323,2026-06-03,Completed,PayPal
1055,323,2026-08-04,Completed,PayPal
1056,323,2026-07-23,Completed,Gift Card
1057,323,2026-03-01,Completed,Card
1058,323,2026-05-26,Completed,Bank Transfer
1059,323,2026-03-31,Completed,Card
1060,323,2026-07-15,Completed,PayPal
1061,325,2026-03-12,Completed,PayPal
1062,325,2026-08-12,Completed,Bank Transfer
1063,325,2026-04-14,Completed,Bank Transfer
1064,325,2025-11-19,Completed,Gift Card
1065,325,2026-07-25,Completed,Bank Transfer
1066,325,2025-07-18,Completed,PayPal
1067,325,2026-08-01,Completed,Bank Transfer
1068,325,2026-01-27,Completed,Bank Transfer
1069,326,2025-09-20,Completed,Bank Transfer
1070,326,2025-08-01,Cancelled,Card
1071,327,2026-07-13,Completed,PayPal
1072,327,2025-12-25,Completed,Card
1073,327,2024-05-20,Completed,Bank Transfer
1074,327,2026-06-10,Completed,PayPal
1075,327,2024-06-13,Completed,PayPal
1076,328,2023-06-13,Cancelled,Gift Card
1077,328,2026-02-20,Completed,Gift Card
1078,328,2024-08-11,Completed,Bank Transfer
1079,328,2023-10-30,Completed,PayPal
1080,328,2025-08-02,Cancelled,Bank Transfer
1081,329,2026-08-19,Completed,PayPal
1082,329,2024-07-02,Completed,Bank Transfer
1083,329,2026-08-13,Completed,Card
1084,329,2026-03-21,Completed,Card
1085,331,2023-07-13,Completed,Card
1086,332,2026-08-25,Completed,Bank Transfer
1087,332,2024-09-05,Completed,PayPal
1088,332,2025-12-02,Completed,PayPal
1089,333,2026-08-03,Completed,Bank Transfer
1090,333,2026-07-30,Completed,Bank Transfer
1091,333,2026-09-01,Completed,Gift Card
1092,333,2026-09-11,Completed,Gift Card
1093,333,2026-07-22,Completed,Card
1094,333,2026-09-08,Completed,PayPal
1095,333,2026-07-27,Completed,Gift Card
1096,333,2026-08-19,Completed,Bank Transfer
1097,334,2026-06-21,Completed,Bank Transfer
1098,334,2025-05-15,Completed,Gift Card
1099,334,2026-08-30,Completed,Gift Card
1100,335,2026-07-12,Returned,Gift Card
1101,335,2025-06-07,Completed,Bank Transfer
1102,335,2026-05-07,Completed,PayPal
1103,335,2025-03-23,Completed,Gift Card
1104,336,2024-12-17,Completed,PayPal
1105,337,2026-07-26,Completed,Bank Transfer
1106,337,2026-08-18,Completed,PayPal
1107,337,2026-08-19,Returned,PayPal
1108,337,2026-05-20,Completed,Bank Transfer
1109,337,2026-06-07,Completed,PayPal
1110,338,2024-12-07,Completed,Bank Transfer
1111,338,2025-09-29,Completed,PayPal
1112,338,2023-04-04,Completed,Gift Card
1113,339,2024-08-17,Returned,Bank Transfer
1114,339,2025-02-25,Completed,Bank Transfer
1115,339,2024-01-02,Completed,Bank Transfer
1116,340,2026-01-10,Cancelled,Gift Card
1117,340,2026-06-17,Returned,Bank Transfer
1118,340,2026-05-11,Completed,Gift Card
1119,341,2025-10-21,Cancelled,Bank Transfer
1120,341,2024-09-29,Completed,Bank Transfer
1121,341,2025-02-06,Completed,PayPal
1122,341,2026-01-04,Cancelled,Gift Card
1123,342,2026-07-24,Completed,PayPal
1124,343,2026-03-29,Completed,Bank Transfer
1125,343,2026-04-30,Completed,Gift Card
1126,343,2026-05-12,Completed,Card
1127,344,2025-06-10,Completed,Card
1128,344,2025-04-23,Completed,PayPal
1129,344,2025-02-03,Completed,PayPal
1130,344,2026-04-08,Completed,Bank Transfer
1131,344,2025-03-22,Completed,Card
1132,344,2025-12-07,Completed,Bank Transfer
1133,344,2025-09-04,Completed,PayPal
1134,344,2025-11-11,Completed,Card
1135,345,2025-01-23,Completed,Bank Transfer
1136,345,2024-07-14,Returned,Card
1137,345,2026-02-14,Completed,PayPal
1138,345,2025-02-01,Returned,Card
1139,345,2024-11-21,Completed,Bank Transfer
1140,346,2026-02-25,Completed,Bank Transfer
1141,346,2026-06-23,Completed,Gift Card
1142,346,2025-10-27,Completed,Bank Transfer
1143,346,2026-09-06,Completed,Bank Transfer
1144,346,2026-08-16,Completed,PayPal
1145,346,2026-07-25,Completed,Card
1146,346,2025-11-30,Completed,Gift Card
1147,346,2026-06-11,Completed,Bank Transfer
1148,346,2026-07-01,Completed,Gift Card
1149,346,2026-03-13,Completed,PayPal
1150,346,2026-02-19,Completed,Card
1151,346,2025-11-21,Completed,Card
1152,347,2026-08-11,Cancelled,Card
1153,347,2026-07-28,Completed,Bank Transfer
1154,347,2026-08-24,Returned,Bank Transfer
1155,348,2026-03-10,Cancelled,PayPal
1156,348,2025-06-04,Completed,Gift Card
1157,348,2025-06-11,Returned,Bank Transfer
1158,349,2025-06-12,Completed,PayPal
1159,350,2026-03-10,Cancelled,Card
1160,350,2026-03-17,Completed,Card
1161,350,2026-03-02,Cancelled,PayPal
1162,350,2026-07-02,Completed,Card
1163,350,2026-07-04,Completed,PayPal
1164,350,2026-07-07,Cancelled,Card
1165,350,2026-06-29,Cancelled,PayPal
1166,350,2026-04-07,Completed,Bank Transfer
1167,350,2026-05-20,Completed,Gift Card
1168,350,2026-09-13,Completed,Gift Card
1169,350,2026-09-01,Completed,Gift Card
1170,350,2026-07-14,Completed,Gift Card
1171,351,2025-09-06,Completed,Gift Card
1172,351,2024-07-26,Returned,Gift Card
1173,352,2026-07-06,Completed,PayPal
1174,354,2025-05-19,Completed,Card
1175,354,2025-04-01,Completed,Card
1176,354,2026-01-28,Completed,Card
1177,355,2024-09-16,Completed,Card
1178,355,2026-02-15,Completed,Card
1179,355,2024-12-30,Cancelled,Card
1180,355,2024-10-28,Completed,Gift Card
1181,356,2026-08-12,Completed,PayPal
1182,356,2026-09-04,Completed,Bank Transfer
1183,356,2026-09-12,Completed,Card
1184,358,2025-09-29,Completed,Gift Card
1185,358,2026-06-16,Completed,PayPal
1186,359,2025-10-12,Completed,Card
1187,359,2025-01-23,Completed,Bank Transfer
1188,360,2024-08-20,Returned,Card
1189,360,2025-03-23,Returned,Gift Card
1190,361,2025-11-25,Completed,PayPal
1191,361,2024-11-11,Completed,Gift Card
1192,361,2024-03-18,Returned,Gift Card
1193,362,2026-05-28,Completed,Gift Card
1194,362,2026-05-11,Completed,Gift Card
1195,362,2026-05-29,Completed,Card
1196,363,2026-03-31,Completed,Bank Transfer
1197,363,2025-09-15,Completed,PayPal
1198,363,2025-11-25,Completed,PayPal
1199,363,2025-06-19,Completed,Card
1200,363,2025-02-01,Cancelled,PayPal
1201,365,2026-05-02,Completed,PayPal
1202,365,2026-04-02,Completed,Card
1203,365,2026-06-03,Completed,PayPal
1204,365,2025-12-13,Completed,PayPal
1205,365,2026-04-30,Completed,Card
1206,366,2025-07-31,Completed,Bank Transfer
1207,366,2026-09-07,Completed,Bank Transfer
1208,366,2024-08-25,Completed,PayPal
1209,366,2026-02-21,Completed,PayPal
1210,366,2025-08-11,Completed,Gift Card
1211,367,2026-01-10,Completed,Card
1212,368,2026-08-22,Completed,Bank Transfer
1213,368,2026-07-05,Completed,Card
1214,368,2026-06-25,Completed,Card
1215,369,2026-09-02,Cancelled,Bank Transfer
1216,369,2026-09-03,Completed,Card
1217,369,2026-08-30,Completed,Card
1218,370,2024-05-29,Completed,Gift Card
1219,370,2024-08-20,Completed,Card
1220,370,2026-08-01,Completed,Card
1221,370,2026-09-04,Completed,PayPal
1222,371,2024-08-17,Completed,Card
1223,371,2025-04-22,Completed,Card
1224,372,2024-11-08,Completed,Card
1225,372,2025-01-02,Returned,PayPal
1226,372,2025-11-13,Completed,Card
1227,372,2025-11-24,Completed,Bank Transfer
1228,372,2024-11-09,Completed,PayPal
1229,373,2025-11-14,Completed,Card
1230,374,2025-10-31,Completed,Bank Transfer
1231,375,2026-05-27,Completed,Gift Card
1232,376,2024-12-20,Completed,Bank Transfer
1233,376,2025-11-03,Completed,PayPal
1234,376,2025-10-13,Completed,Card
1235,377,2024-04-27,Completed,Card
1236,377,2025-04-05,Completed,Bank Transfer
1237,378,2025-11-30,Completed,Card
1238,378,2026-02-22,Completed,Gift Card
1239,378,2026-08-03,Completed,PayPal
1240,378,2025-08-09,Completed,Gift Card
1241,379,2026-09-14,Completed,Gift Card
1242,380,2025-06-26,Completed,Bank Transfer
1243,380,2026-01-09,Completed,Card
1244,381,2025-05-17,Completed,Card
1245,381,2025-02-26,Cancelled,Gift Card
1246,381,2024-04-02,Completed,Card
1247,381,2024-09-09,Completed,PayPal
1248,381,2026-05-04,Completed,Bank Transfer
1249,381,2024-04-03,Completed,PayPal
1250,381,2024-10-23,Completed,PayPal
1251,381,2026-09-01,Completed,Bank Transfer
1252,381,2025-04-21,Completed,PayPal
1253,381,2024-11-07,Completed,Gift Card
1254,381,2024-12-15,Completed,PayPal
1255,381,2026-09-03,Completed,Gift Card
1256,382,2026-02-11,Completed,Bank Transfer
1257,383,2026-07-25,Completed,PayPal
1258,383,2026-07-01,Completed,PayPal
1259,384,2026-08-03,Completed,Card
1260,384,2026-08-05,Completed,Card
1261,384,2026-07-11,Completed,Gift Card
1262,385,2026-02-22,Returned,Bank Transfer
1263,386,2025-03-15,Completed,Bank Transfer
1264,386,2025-05-24,Cancelled,PayPal
1265,389,2026-08-26,Returned,PayPal
1266,389,2026-08-19,Completed,Card
1267,389,2026-08-14,Completed,Bank Transfer
1268,390,2026-05-31,Completed,Card
1269,390,2026-06-27,Completed,Card
1270,390,2026-02-20,Cancelled,Bank Transfer
1271,390,2026-03-08,Completed,Bank Transfer
1272,390,2026-07-18,Completed,Gift Card
1273,390,2026-07-16,Completed,Bank Transfer
1274,390,2026-02-11,Completed,Bank Transfer
1275,390,2026-03-11,Completed,Card
1276,391,2025-11-12,Completed,Card
1277,391,2025-04-03,Completed,PayPal
1278,391,2026-06-20,Completed,Bank Transfer
1279,391,2024-07-18,Completed,Card
1280,391,2024-09-19,Completed,PayPal
1281,391,2024-04-17,Completed,Card
1282,391,2026-04-03,Completed,Bank Transfer
1283,391,2024-09-21,Returned,Gift Card
1284,392,2025-08-22,Completed,Gift Card
1285,392,2026-05-28,Completed,Gift Card
1286,392,2026-04-06,Completed,Card
1287,392,2026-09-09,Completed,PayPal
1288,392,2025-09-29,Completed,PayPal
1289,392,2025-07-15,Completed,Gift Card
1290,392,2026-01-13,Completed,Bank Transfer
1291,392,2026-07-24,Returned,Bank Transfer
1292,393,2024-09-18,Cancelled,Bank Transfer
1293,393,2026-08-05,Returned,Bank Transfer
1294,393,2026-04-15,Completed,Gift Card
1295,393,2026-07-11,Completed,Card
1296,393,2024-11-23,Returned,Card
1297,395,2025-07-13,Completed,PayPal
1298,395,2025-07-26,Completed,Bank Transfer
1299,395,2024-04-25,Returned,PayPal
1300,395,2024-04-03,Completed,PayPal
1301,395,2026-03-21,Completed,Bank Transfer
1302,396,2026-06-02,Completed,Bank Transfer
1303,396,2026-09-05,Completed,Bank Transfer
1304,396,2026-04-05,Completed,Bank Transfer
1305,397,2026-02-07,Completed,Bank Transfer
1306,397,2026-06-11,Completed,Gift Card
1307,397,2024-12-08,Completed,Bank Transfer
1308,397,2026-03-01,Completed,Card
1309,397,2025-07-14,Completed,Gift Card
1310,398,2026-07-25,Completed,Bank Transfer
1311,399,2026-07-12,Completed,Card
1312,400,2026-03-24,Completed,Card
1313,400,2026-07-08,Completed,Card
1314,400,2025-12-15,Completed,Card
1315,400,2026-08-22,Completed,Card
1316,400,2026-03-12,Completed,Bank Transfer
1317,400,2026-04-23,Returned,Gift Card
1318,400,2025-10-25,Completed,Gift Card
1319,400,2025-11-18,Completed,Gift Card
1320,401,2026-03-08,Completed,Bank Transfer
1321,402,2026-04-08,Completed,Bank Transfer
1322,402,2026-05-06,Completed,Gift Card
1323,403,2024-10-16,Completed,Card
1324,403,2026-07-17,Completed,Bank Transfer
1325,403,2024-10-14,Completed,Card
1326,403,2026-07-08,Completed,Bank Transfer
1327,403,2025-03-16,Completed,Bank Transfer
1328,404,2026-03-29,Completed,Gift Card
1329,404,2026-02-11,Completed,PayPal
1330,404,2026-03-13,Completed,Gift Card
1331,404,2026-07-19,Completed,PayPal
1332,404,2026-09-03,Completed,Bank Transfer
1333,404,2026-08-05,Completed,PayPal
1334,404,2026-07-14,Completed,PayPal
1335,404,2026-08-17,Returned,Card
1336,404,2026-04-22,Completed,Bank Transfer
1337,404,2026-06-21,Completed,Bank Transfer
1338,404,2026-05-18,Completed,Card
1339,404,2026-03-15,Completed,Card
1340,405,2025-02-26,Completed,Gift Card
1341,405,2026-08-03,Completed,PayPal
1342,405,2026-03-11,Completed,PayPal
1343,405,2024-07-11,Returned,Gift Card
1344,405,2024-07-29,Completed,Bank Transfer
1345,406,2026-08-30,Completed,PayPal
1346,406,2026-01-26,Completed,PayPal
1347,406,2025-12-21,Completed,Gift Card
1348,406,2026-09-09,Completed,Bank Transfer
1349,407,2025-10-09,Completed,Bank Transfer
1350,407,2026-06-17,Completed,Gift Card
1351,407,2025-10-29,Cancelled,Bank Transfer
1352,407,2026-01-25,Completed,PayPal
1353,407,2025-06-15,Completed,Gift Card
1354,408,2026-01-16,Completed,PayPal
1355,408,2025-11-22,Completed,Gift Card
1356,408,2025-05-29,Completed,Card
1357,408,2026-07-01,Completed,Bank Transfer
1358,408,2025-08-27,Completed,Gift Card
1359,409,2025-07-27,Returned,Card
1360,409,2025-04-11,Completed,Bank Transfer
1361,410,2024-01-30,Completed,PayPal
1362,410,2026-08-31,Completed,PayPal
1363,410,2026-03-21,Completed,Gift Card
1364,410,2025-11-08,Completed,Gift Card
1365,411,2024-07-18,Completed,PayPal
1366,411,2026-04-25,Completed,Bank Transfer
1367,411,2023-04-01,Completed,PayPal
1368,411,2023-12-28,Returned,Card
1369,412,2026-05-23,Completed,PayPal
1370,412,2025-06-27,Completed,PayPal
1371,413,2025-11-30,Returned,Card
1372,414,2026-08-18,Completed,Bank Transfer
1373,414,2026-01-01,Completed,Gift Card
1374,414,2025-11-30,Completed,Card
1375,414,2026-02-24,Completed,Gift Card
1376,414,2025-11-25,Completed,Gift Card
1377,414,2025-10-31,Cancelled,Bank Transfer
1378,414,2026-03-24,Completed,Gift Card
1379,414,2025-08-22,Cancelled,PayPal
1380,416,2026-08-10,Completed,Gift Card
1381,416,2026-09-08,Returned,Card
1382,416,2026-03-26,Completed,Card
1383,417,2025-03-16,Completed,Card
1384,417,2025-06-10,Completed,PayPal
1385,418,2026-07-03,Cancelled,Bank Transfer
1386,418,2025-04-18,Completed,PayPal
1387,418,2025-07-24,Completed,PayPal
1388,418,2026-09-13,Completed,Bank Transfer
1389,419,2026-08-15,Returned,Bank Transfer
1390,419,2025-11-15,Completed,Bank Transfer
1391,419,2026-08-13,Completed,Bank Transfer
1392,420,2026-09-08,Completed,Bank Transfer
1393,420,2026-09-10,Completed,Gift Card
1394,420,2026-09-05,Completed,Card
1395,420,2026-09-09,Completed,Bank Transfer
1396,420,2026-09-03,Completed,Gift Card
1397,421,2026-08-03,Completed,Bank Transfer
1398,421,2025-01-31,Completed,Bank Transfer
1399,422,2025-05-07,Completed,Bank Transfer
1400,423,2026-03-25,Completed,Bank Transfer
1401,423,2026-03-19,Completed,Bank Transfer
1402,423,2026-06-17,Completed,Bank Transfer
1403,424,2025-05-27,Returned,PayPal
1404,424,2025-08-11,Completed,PayPal
1405,424,2026-04-22,Completed,Bank Transfer
1406,424,2025-10-30,Completed,Gift Card
1407,424,2025-07-27,Completed,Bank Transfer
1408,424,2025-10-12,Completed,Bank Transfer
1409,424,2026-04-22,Completed,Bank Transfer
1410,424,2025-08-04,Completed,Card
1411,425,2026-08-01,Completed,PayPal
1412,426,2026-06-29,Cancelled,Bank Transfer
1413,426,2026-01-18,Completed,Bank Transfer
1414,426,2026-08-09,Completed,Card
1415,426,2026-08-19,Returned,Card
1416,426,2026-04-11,Completed,Bank Transfer
1417,426,2026-02-08,Completed,PayPal
1418,426,2026-07-09,Returned,Card
1419,426,2026-09-11,Completed,Card
1420,427,2026-06-18,Completed,Bank Transfer
1421,427,2026-05-06,Completed,Card
1422,427,2026-09-13,Cancelled,Bank Transfer
1423,428,2026-08-05,Completed,Card
1424,429,2026-01-03,Completed,Gift Card
1425,431,2026-05-23,Returned,PayPal
1426,431,2026-07-17,Completed,PayPal
1427,431,2026-04-16,Completed,Gift Card
1428,432,2023-11-28,Completed,Gift Card
1429,432,2023-05-19,Completed,Gift Card
1430,433,2026-05-24,Completed,PayPal
1431,433,2026-06-19,Completed,Gift Card
1432,434,2026-07-12,Completed,PayPal
1433,436,2026-08-27,Completed,PayPal
1434,436,2025-06-27,Completed,Bank Transfer
1435,436,2024-04-23,Completed,Bank Transfer
1436,437,2025-02-24,Completed,Gift Card
1437,437,2025-03-23,Completed,PayPal
1438,437,2025-10-02,Completed,Gift Card
1439,437,2024-06-04,Completed,Gift Card
1440,437,2025-07-31,Completed,Bank Transfer
1441,438,2026-05-18,Completed,PayPal
1442,438,2024-05-12,Completed,Card
1443,438,2026-04-01,Completed,PayPal
1444,439,2026-09-04,Completed,Card
1445,439,2026-07-25,Completed,Gift Card
1446,439,2026-08-27,Completed,Bank Transfer
1447,439,2026-08-28,Completed,Card
1448,439,2026-08-16,Cancelled,Gift Card
1449,440,2024-08-25,Returned,PayPal
1450,440,2025-11-28,Cancelled,PayPal
1451,440,2024-05-10,Completed,PayPal
1452,440,2025-09-26,Completed,Card
1453,440,2024-05-24,Completed,Gift Card
1454,441,2024-01-22,Completed,Gift Card
1455,441,2025-07-31,Completed,Gift Card
1456,441,2025-05-13,Completed,Bank Transfer
1457,441,2024-08-27,Completed,Bank Transfer
1458,441,2026-06-15,Completed,Bank Transfer
1459,442,2026-03-17,Completed,PayPal
1460,443,2025-04-09,Cancelled,Card
1461,443,2025-07-03,Completed,Gift Card
1462,444,2025-04-26,Returned,Gift Card
1463,444,2026-02-12,Returned,PayPal
1464,444,2025-05-22,Completed,Gift Card
1465,444,2025-03-11,Completed,Bank Transfer
1466,444,2025-07-22,Completed,Card
1467,444,2025-01-10,Cancelled,Card
1468,444,2025-04-12,Completed,Bank Transfer
1469,444,2025-09-11,Completed,Card
1470,444,2024-06-12,Returned,PayPal
1471,444,2024-04-26,Completed,Bank Transfer
1472,444,2025-03-18,Completed,Bank Transfer
1473,444,2025-02-11,Completed,Gift Card
1474,445,2025-10-03,Completed,Bank Transfer
1475,445,2026-07-05,Cancelled,PayPal
1476,445,2025-11-17,Completed,Gift Card
1477,446,2024-04-10,Completed,Card
1478,446,2024-09-22,Completed,PayPal
1479,446,2026-05-18,Completed,Gift Card
1480,447,2026-09-02,Completed,Gift Card
1481,448,2026-07-24,Completed,PayPal
1482,448,2026-06-07,Completed,Gift Card
1483,448,2026-07-31,Completed,Bank Transfer
1484,448,2026-05-14,Completed,Bank Transfer
1485,448,2026-05-18,Completed,PayPal
1486,449,2025-01-06,Completed,Bank Transfer
1487,449,2025-02-22,Completed,Card
1488,449,2026-06-04,Completed,Card
1489,449,2025-11-02,Completed,PayPal
1490,449,2025-10-22,Returned,PayPal
1491,449,2024-10-15,Returned,Gift Card
1492,449,2024-11-21,Completed,Gift Card
1493,449,2026-02-20,Completed,Bank Transfer
1494,450,2026-02-14,Completed,Gift Card
1495,450,2025-12-26,Completed,Gift Card
1496,451,2025-08-23,Completed,Bank Transfer
1497,451,2026-08-07,Completed,PayPal
1498,451,2025-12-21,Completed,PayPal
1499,451,2026-06-21,Completed,Bank Transfer
1500,451,2025-08-13,Returned,Gift Card
1501,451,2025-12-29,Completed,Bank Transfer
1502,451,2025-02-20,Completed,PayPal
1503,451,2025-07-10,Completed,Gift Card
1504,451,2026-08-04,Returned,Card
1505,451,2025-05-17,Completed,PayPal
1506,451,2025-03-22,Completed,Card
1507,451,2026-03-08,Completed,Card
1508,452,2025-09-01,Completed,PayPal
1509,452,2026-07-23,Completed,Card
1510,452,2026-06-14,Completed,Bank Transfer
1511,452,2026-04-13,Completed,Bank Transfer
1512,452,2025-12-14,Completed,Bank Transfer
1513,452,2026-01-15,Completed,Card
1514,452,2025-10-20,Returned,Card
1515,452,2026-03-04,Returned,Bank Transfer
1516,452,2025-10-03,Completed,Bank Transfer
1517,452,2026-05-30,Completed,Gift Card
1518,452,2025-10-06,Completed,PayPal
1519,452,2026-03-01,Cancelled,Card
1520,453,2026-08-09,Returned,PayPal
1521,453,2026-06-24,Completed,Gift Card
1522,453,2026-06-27,Completed,Card
1523,453,2026-04-17,Completed,Bank Transfer
1524,453,2026-03-11,Completed,Gift Card
1525,453,2026-05-13,Completed,Bank Transfer
1526,453,2026-07-16,Completed,PayPal
1527,453,2026-07-17,Completed,Card
1528,453,2026-09-01,Completed,Bank Transfer
1529,453,2026-05-13,Completed,Card
1530,453,2026-09-08,Completed,Gift Card
1531,453,2026-06-12,Completed,Card
1532,454,2026-09-06,Completed,PayPal
1533,454,2026-09-11,Completed,PayPal
1534,454,2026-09-04,Completed,Bank Transfer
1535,455,2026-07-20,Completed,Bank Transfer
1536,455,2026-07-11,Completed,Gift Card
1537,455,2026-09-03,Completed,PayPal
1538,455,2026-08-27,Cancelled,Gift Card
1539,456,2026-08-17,Completed,PayPal
1540,456,2026-08-05,Completed,Gift Card
1541,456,2026-09-04,Completed,Card
1542,456,2026-07-20,Completed,Gift Card
1543,456,2026-06-18,Completed,Gift Card
1544,457,2025-10-29,Completed,Bank Transfer
1545,457,2026-08-10,Completed,PayPal
1546,457,2025-04-18,Completed,Gift Card
1547,457,2025-12-06,Returned,Card
1548,458,2026-03-02,Completed,Bank Transfer
1549,460,2025-03-20,Completed,Gift Card
1550,460,2025-12-20,Completed,PayPal
1551,461,2026-08-27,Completed,Bank Transfer
1552,461,2026-05-12,Completed,Bank Transfer
1553,461,2026-06-10,Completed,Bank Transfer
1554,461,2026-09-14,Completed,Card
1555,461,2026-04-29,Completed,Card
1556,461,2026-08-29,Cancelled,Bank Transfer
1557,461,2026-06-18,Completed,Bank Transfer
1558,461,2026-09-05,Completed,Bank Transfer
1559,461,2026-05-18,Completed,PayPal
1560,461,2026-07-12,Completed,PayPal
1561,461,2026-06-28,Completed,Bank Transfer
1562,461,2026-04-04,Completed,Card
1563,462,2026-01-29,Completed,PayPal
1564,463,2026-03-11,Completed,Gift Card
1565,463,2025-12-29,Completed,Gift Card
1566,463,2025-12-21,Completed,PayPal
1567,463,2026-02-12,Completed,Bank Transfer
1568,463,2025-12-18,Completed,Gift Card
1569,463,2026-05-04,Completed,Card
1570,463,2025-10-28,Completed,Gift Card
1571,463,2026-07-31,Completed,Card
1572,466,2025-11-30,Completed,PayPal
1573,466,2023-07-01,Completed,Bank Transfer
1574,467,2026-07-16,Completed,PayPal
1575,467,2026-06-27,Completed,Bank Transfer
1576,468,2026-08-26,Completed,Card
1577,468,2026-05-25,Cancelled,Bank Transfer
1578,468,2026-04-23,Completed,Bank Transfer
1579,469,2026-08-07,Cancelled,Gift Card
1580,469,2026-01-27,Returned,Gift Card
1581,469,2026-05-17,Completed,PayPal
1582,469,2025-12-29,Cancelled,Card
1583,470,2025-02-28,Completed,Bank Transfer
1584,471,2025-02-18,Completed,Gift Card
1585,471,2024-10-26,Cancelled,Bank Transfer
1586,471,2025-06-10,Completed,Card
1587,471,2026-04-18,Completed,PayPal
1588,471,2025-03-19,Completed,PayPal
1589,471,2026-06-27,Completed,Bank Transfer
1590,471,2025-08-09,Completed,Card
1591,471,2025-08-04,Completed,PayPal
1592,472,2026-03-27,Completed,Card
1593,472,2026-06-26,Completed,PayPal
1594,472,2026-07-18,Completed,PayPal
1595,472,2026-03-14,Completed,PayPal
1596,473,2025-05-29,Completed,PayPal
1597,473,2025-07-01,Completed,Card
1598,473,2026-08-07,Cancelled,PayPal
1599,473,2026-05-12,Completed,Card
1600,473,2025-07-28,Completed,Bank Transfer
1601,474,2026-03-21,Completed,Card
1602,475,2025-08-31,Completed,Bank Transfer
1603,475,2025-01-16,Completed,Gift Card
1604,475,2026-08-08,Completed,Bank Transfer
1605,475,2025-10-11,Completed,PayPal
1606,476,2024-05-04,Completed,Gift Card
1607,476,2026-02-03,Completed,PayPal
1608,476,2026-01-26,Completed,Card
1609,476,2025-09-04,Completed,Bank Transfer
1610,476,2025-06-10,Returned,Bank Transfer
1611,477,2026-07-28,Completed,Gift Card
1612,477,2026-09-12,Completed,Gift Card
1613,477,2026-08-17,Completed,Gift Card
1614,477,2026-08-25,Completed,Bank Transfer
1615,477,2026-06-30,Completed,PayPal
1616,478,2025-11-22,Completed,Bank Transfer
1617,478,2026-06-03,Completed,Bank Transfer
1618,479,2023-10-28,Cancelled,Bank Transfer
1619,479,2026-02-23,Completed,Gift Card
1620,479,2023-09-24,Completed,PayPal
1621,479,2025-10-30,Completed,Bank Transfer
1622,479,2025-11-22,Completed,PayPal
1623,479,2023-09-07,Cancelled,Gift Card
1624,479,2024-03-28,Completed,Gift Card
1625,479,2023-07-15,Completed,PayPal
1626,480,2026-09-03,Completed,Bank Transfer
1627,481,2025-12-07,Completed,Gift Card
1628,481,2026-03-10,Completed,Bank Transfer
1629,481,2026-05-16,Completed,Card
1630,481,2025-10-20,Completed,PayPal
1631,481,2025-11-25,Completed,Gift Card
1632,482,2026-08-15,Completed,PayPal
1633,482,2026-09-05,Completed,Card
1634,483,2026-08-27,Completed,Bank Transfer
1635,483,2024-12-23,Returned,PayPal
1636,483,2025-02-23,Completed,Gift Card
1637,485,2025-11-20,Completed,Gift Card
1638,485,2025-11-10,Completed,PayPal
1639,485,2026-07-14,Completed,Card
1640,485,2026-02-02,Completed,Bank Transfer
1641,485,2025-03-15,Completed,Gift Card
1642,485,2025-11-13,Completed,PayPal
1643,485,2026-07-20,Completed,Bank Transfer
1644,485,2026-01-14,Completed,Card
1645,485,2026-01-21,Cancelled,Card
1646,485,2025-09-02,Completed,PayPal
1647,485,2025-09-25,Completed,Bank Transfer
1648,485,2026-05-18,Completed,Bank Transfer
1649,486,2024-12-03,Completed,Bank Transfer
1650,486,2025-01-24,Returned,Gift Card
1651,487,2023-06-05,Completed,Bank Transfer
1652,487,2025-01-11,Completed,Gift Card
1653,488,2026-06-04,Completed,Bank Transfer
1654,488,2025-12-15,Completed,Card
1655,488,2026-01-27,Completed,Bank Transfer
1656,489,2024-03-15,Completed,Bank Transfer
1657,490,2025-04-25,Returned,Bank Transfer
1658,490,2026-01-14,Completed,Gift Card
1659,490,2025-12-08,Completed,PayPal
1660,490,2026-02-12,Completed,Bank Transfer
1661,490,2025-09-26,Completed,PayPal
1662,490,2024-10-03,Completed,Gift Card
1663,490,2026-08-11,Completed,Gift Card
1664,490,2025-01-18,Completed,PayPal
1665,491,2026-04-09,Completed,Card
1666,491,2026-03-07,Completed,Card
1667,491,2024-06-06,Cancelled,Gift Card
1668,492,2025-01-07,Completed,Card
1669,492,2025-04-09,Completed,PayPal
1670,492,2026-05-15,Completed,Card
1671,492,2026-09-11,Completed,Gift Card
1672,493,2024-11-07,Completed,Bank Transfer
1673,493,2024-06-05,Completed,Bank Transfer
1674,493,2024-12-13,Completed,Gift Card
1675,493,2024-09-17,Completed,Card
1676,493,2024-09-25,Completed,PayPal
1677,494,2024-11-26,Completed,PayPal
1678,494,2024-03-07,Completed,Bank Transfer
1679,494,2024-08-04,Completed,PayPal
1680,496,2025-04-23,Returned,Gift Card
1681,496,2026-01-28,Completed,Bank Transfer
1682,496,2023-12-17,Completed,Card
1683,496,2024-07-26,Completed,Bank Transfer
1684,496,2024-05-23,Completed,Gift Card
1685,496,2024-11-25,Completed,Bank Transfer
1686,496,2024-08-12,Completed,Card
1687,496,2025-12-01,Completed,Bank Transfer
1688,497,2025-06-23,Completed,PayPal
1689,497,2023-09-14,Completed,Gift Card
1690,497,2023-02-16,Completed,Bank Transfer
1691,498,2025-05-26,Completed,Card
1692,498,2026-04-22,Completed,PayPal
1693,498,2026-04-05,Completed,Bank Transfer
1694,499,2026-05-22,Completed,Gift Card
1695,499,2025-04-20,Completed,Gift Card
1696,499,2026-09-04,Completed,Card
1697,499,2024-06-17,Completed,Bank Transfer
1698,500,2026-04-15,Completed,PayPal
1699,503,2026-06-07,Completed,Card
1700,503,2024-03-15,Completed,Gift Card
1701,503,2025-05-07,Completed,PayPal
1702,503,2024-02-02,Completed,Bank Transfer
1703,504,2026-02-20,Completed,Bank Transfer
1704,504,2026-01-12,Cancelled,Gift Card
1705,504,2025-11-17,Completed,Card
1706,504,2026-03-23,Completed,PayPal
1707,504,2025-10-28,Completed,PayPal
1708,505,2024-06-21,Completed,Card
1709,505,2026-08-31,Completed,Bank Transfer
1710,505,2026-09-12,Returned,Bank Transfer
1711,505,2026-06-06,Completed,Gift Card
1712,505,2025-10-07,Completed,Card
1713,506,2026-04-17,Cancelled,Gift Card
1714,507,2025-08-20,Returned,PayPal
1715,507,2024-08-14,Completed,Card
1716,507,2026-02-10,Completed,Bank Transfer
1717,508,2026-04-16,Completed,Card
1718,509,2023-07-07,Completed,Gift Card
1719,509,2025-10-05,Completed,Bank Transfer
1720,509,2023-10-18,Completed,PayPal
1721,509,2023-10-31,Completed,PayPal
1722,510,2026-05-01,Completed,Gift Card
1723,510,2026-09-11,Completed,Card
1724,510,2024-10-28,Cancelled,Bank Transfer
1725,510,2024-08-04,Completed,Bank Transfer
1726,511,2025-01-18,Completed,PayPal
1727,511,2026-09-12,Completed,Bank Transfer
1728,511,2026-03-03,Completed,Bank Transfer
1729,511,2026-04-30,Completed,Gift Card
1730,511,2025-06-04,Returned,Bank Transfer
1731,511,2026-01-26,Returned,PayPal
1732,511,2025-11-16,Completed,Gift Card
1733,511,2025-05-14,Completed,Gift Card
1734,511,2025-04-09,Completed,Card
1735,511,2026-05-24,Completed,Card
1736,511,2025-11-12,Completed,Bank Transfer
1737,511,2025-06-03,Completed,Gift Card
1738,512,2026-08-07,Completed,PayPal
1739,512,2026-09-07,Completed,Card
1740,512,2026-08-04,Returned,Bank Transfer
1741,512,2026-06-03,Completed,PayPal
1742,512,2026-05-06,Completed,Bank Transfer
1743,512,2026-03-20,Completed,Card
1744,512,2026-09-12,Completed,Card
1745,512,2026-08-05,Completed,Gift Card
1746,512,2026-06-14,Cancelled,Gift Card
1747,512,2026-07-27,Completed,Gift Card
1748,512,2026-04-30,Completed,Gift Card
1749,512,2026-06-15,Returned,PayPal
1750,513,2025-09-22,Completed,PayPal
1751,514,2024-04-29,Completed,PayPal
1752,514,2026-08-10,Completed,Gift Card
1753,514,2024-01-10,Completed,PayPal
1754,514,2024-07-25,Completed,Card
1755,514,2023-07-03,Completed,Gift Card
1756,515,2025-10-01,Cancelled,PayPal
1757,515,2025-10-28,Cancelled,Card
1758,515,2025-06-25,Completed,Card
1759,515,2025-10-04,Completed,Card
1760,516,2026-07-26,Completed,Card
1761,516,2026-08-22,Completed,Card
1762,516,2026-07-25,Completed,PayPal
1763,516,2026-07-24,Completed,Card
1764,516,2026-08-02,Completed,Card
1765,516,2026-09-07,Completed,Card
1766,516,2026-08-21,Completed,PayPal
1767,516,2026-08-11,Completed,Card
1768,517,2023-07-14,Completed,Card
1769,517,2023-10-06,Completed,Bank Transfer
1770,518,2024-05-07,Completed,PayPal
1771,518,2025-03-25,Completed,Card
1772,518,2023-06-10,Returned,Bank Transfer
1773,518,2026-05-08,Completed,PayPal
1774,518,2026-02-18,Returned,Card
1775,518,2024-12-18,Completed,Bank Transfer
1776,518,2023-06-21,Completed,PayPal
1777,518,2023-12-19,Completed,Gift Card
1778,519,2026-09-09,Completed,Gift Card
1779,519,2026-08-07,Completed,Bank Transfer
1780,519,2026-09-05,Completed,Card
1781,519,2026-09-01,Cancelled,Gift Card
1782,519,2026-09-07,Returned,Card
1783,520,2026-02-05,Completed,Gift Card
1784,520,2026-09-02,Completed,Card
1785,521,2025-01-05,Completed,Gift Card
1786,521,2026-07-19,Completed,PayPal
1787,521,2026-04-04,Completed,Card
1788,522,2025-01-31,Returned,Bank Transfer
1789,522,2024-12-14,Completed,Bank Transfer
1790,522,2024-11-03,Completed,Card
1791,522,2026-06-07,Completed,Bank Transfer
1792,522,2025-03-29,Completed,Gift Card
1793,523,2026-07-11,Completed,Card
1794,523,2025-02-23,Returned,Bank Transfer
1795,523,2023-11-21,Completed,Card
1796,523,2026-09-10,Completed,PayPal
1797,523,2026-04-02,Completed,PayPal
1798,523,2024-12-07,Completed,Bank Transfer
1799,523,2025-03-12,Completed,Bank Transfer
1800,523,2023-03-28,Completed,Card
1801,523,2025-08-02,Completed,Card
1802,523,2025-09-07,Completed,Bank Transfer
1803,523,2026-09-02,Completed,Gift Card
1804,523,2023-01-15,Completed,PayPal
1805,524,2026-03-26,Completed,Card
1806,524,2024-05-10,Completed,Card
1807,524,2024-11-21,Completed,Bank Transfer
1808,525,2025-01-16,Completed,Gift Card
1809,525,2026-04-17,Completed,Bank Transfer
1810,525,2025-06-01,Completed,Bank Transfer
1811,525,2025-05-03,Completed,PayPal
1812,525,2025-08-04,Completed,Gift Card
1813,525,2024-11-10,Completed,Card
1814,525,2025-07-10,Completed,Bank Transfer
1815,525,2026-07-06,Completed,Bank Transfer
1816,525,2026-06-19,Completed,Bank Transfer
1817,525,2026-03-31,Completed,Bank Transfer
1818,525,2025-09-16,Completed,Gift Card
1819,525,2026-07-04,Completed,PayPal
1820,527,2025-08-28,Returned,Card
1821,528,2025-06-28,Completed,Bank Transfer
1822,529,2024-06-16,Completed,PayPal
1823,529,2024-11-05,Completed,Card
1824,530,2025-08-19,Completed,Gift Card
1825,530,2024-03-13,Completed,Card
1826,530,2024-08-06,Completed,Card
1827,531,2026-07-11,Completed,Bank Transfer
1828,531,2026-05-17,Completed,PayPal
1829,531,2026-08-07,Completed,Card
1830,531,2026-08-20,Cancelled,PayPal
1831,532,2026-04-27,Completed,Gift Card
1832,532,2025-10-25,Completed,Bank Transfer
1833,532,2025-10-10,Cancelled,PayPal
1834,532,2026-07-15,Cancelled,Bank Transfer
1835,533,2024-07-26,Completed,PayPal
1836,533,2023-04-20,Completed,Bank Transfer
1837,533,2026-06-13,Completed,PayPal
1838,533,2026-09-12,Returned,Gift Card
1839,533,2024-11-10,Completed,PayPal
1840,533,2025-10-02,Completed,Card
1841,533,2024-03-02,Completed,Card
1842,533,2025-07-08,Returned,Bank Transfer
1843,534,2026-04-06,Completed,Gift Card
1844,534,2026-08-18,Completed,Bank Transfer
1845,534,2026-07-13,Completed,PayPal
1846,535,2025-09-20,Returned,Bank Transfer
1847,535,2025-04-26,Completed,Bank Transfer
1848,535,2025-10-19,Completed,PayPal
1849,535,2025-06-01,Completed,Card
1850,535,2026-03-06,Completed,Gift Card
1851,535,2026-01-14,Completed,Gift Card
1852,535,2026-03-30,Completed,Bank Transfer
1853,535,2025-12-21,Completed,Gift Card
1854,536,2024-06-15,Completed,Card
1855,536,2024-08-12,Cancelled,PayPal
1856,536,2024-12-13,Cancelled,Gift Card
1857,537,2026-09-12,Completed,Gift Card
1858,537,2026-06-26,Completed,PayPal
1859,537,2026-06-08,Completed,PayPal
1860,538,2025-06-19,Cancelled,Gift Card
1861,538,2026-08-14,Completed,Card
1862,538,2025-12-18,Cancelled,Gift Card
1863,538,2026-03-10,Cancelled,PayPal
1864,539,2025-07-02,Completed,Gift Card
1865,541,2026-06-08,Completed,PayPal
1866,541,2026-09-12,Completed,Gift Card
1867,541,2026-06-14,Completed,Card
1868,541,2026-04-30,Completed,Card
1869,542,2026-07-08,Completed,Card
1870,543,2025-11-03,Completed,Card
1871,543,2026-04-07,Completed,Gift Card
1872,543,2025-03-06,Completed,Bank Transfer
1873,543,2025-01-04,Completed,Card
1874,543,2025-08-21,Cancelled,Card
1875,543,2025-06-08,Completed,Gift Card
1876,543,2025-09-11,Completed,PayPal
1877,543,2026-09-11,Completed,Bank Transfer
1878,544,2024-03-24,Completed,Card
1879,544,2026-07-20,Completed,Bank Transfer
1880,544,2026-06-26,Completed,Gift Card
1881,545,2025-04-01,Completed,Gift Card
1882,545,2026-02-01,Completed,Gift Card
1883,545,2025-01-26,Completed,PayPal
1884,545,2025-01-22,Completed,Card
1885,545,2026-09-04,Completed,Card
1886,546,2026-06-08,Returned,PayPal
1887,547,2026-09-02,Completed,Card
1888,547,2026-08-24,Completed,Gift Card
1889,548,2026-09-04,Completed,PayPal
1890,549,2026-02-09,Completed,Card
1891,550,2025-09-17,Completed,Bank Transfer
1892,550,2026-01-01,Completed,Gift Card
1893,550,2024-08-24,Completed,PayPal
1894,550,2025-08-10,Completed,PayPal
1895,550,2025-05-24,Completed,PayPal
1896,551,2026-05-21,Completed,Bank Transfer
1897,551,2023-03-27,Completed,Gift Card
1898,552,2024-01-11,Completed,Card
1899,552,2024-10-25,Completed,PayPal
1900,552,2025-06-27,Completed,Gift Card
1901,552,2025-10-20,Completed,Card
1902,552,2026-02-24,Completed,Card
1903,552,2026-02-05,Completed,Bank Transfer
1904,552,2024-07-16,Completed,Card
1905,552,2024-03-08,Cancelled,Card
1906,552,2025-10-24,Completed,PayPal
1907,552,2025-02-06,Cancelled,Bank Transfer
1908,552,2024-09-22,Completed,Bank Transfer
1909,552,2026-06-21,Completed,Bank Transfer
1910,553,2025-09-25,Completed,Card
1911,553,2025-06-14,Cancelled,PayPal
1912,553,2026-01-13,Completed,Bank Transfer
1913,553,2024-09-01,Completed,Gift Card
1914,554,2026-07-05,Completed,Gift Card
1915,554,2026-03-12,Completed,Gift Card
1916,554,2025-08-02,Completed,Gift Card
1917,555,2026-09-12,Cancelled,PayPal
1918,555,2025-10-08,Completed,Card
1919,555,2026-08-11,Completed,PayPal
1920,555,2025-10-09,Completed,Card
1921,555,2026-02-27,Completed,Bank Transfer
1922,556,2025-02-14,Completed,Gift Card
1923,557,2026-08-06,Completed,Gift Card
1924,557,2026-07-20,Completed,Bank Transfer
1925,557,2026-07-15,Cancelled,Gift Card
1926,558,2025-01-06,Completed,Card
1927,558,2026-06-16,Completed,Gift Card
1928,558,2024-08-22,Completed,Card
1929,559,2025-04-11,Completed,Bank Transfer
1930,560,2025-01-25,Completed,Gift Card
1931,560,2024-10-02,Completed,Gift Card
1932,560,2025-09-08,Completed,Card
1933,560,2023-03-17,Completed,Card
1934,560,2025-05-10,Completed,Card
1935,561,2026-06-16,Completed,Card
1936,561,2026-09-01,Completed,Card
1937,561,2026-08-16,Completed,Gift Card
1938,562,2025-09-20,Completed,PayPal
1939,562,2025-03-13,Completed,Gift Card
1940,562,2026-05-17,Completed,Card
1941,563,2026-02-14,Completed,Gift Card
1942,564,2025-06-26,Completed,Bank Transfer
1943,564,2024-10-04,Completed,Bank Transfer
1944,564,2026-04-13,Completed,Gift Card
1945,564,2026-05-20,Completed,PayPal
1946,564,2025-09-13,Completed,PayPal
1947,564,2026-04-03,Completed,Card
1948,564,2024-10-14,Completed,PayPal
1949,564,2024-11-26,Completed,Card
1950,565,2024-07-22,Completed,PayPal
1951,565,2024-08-31,Completed,Gift Card
1952,565,2024-08-26,Completed,PayPal
1953,565,2026-05-11,Completed,PayPal
1954,566,2024-09-07,Completed,PayPal
1955,566,2024-03-02,Returned,PayPal
1956,566,2024-06-03,Completed,Card
1957,567,2026-02-15,Completed,Bank Transfer
1958,568,2026-01-17,Completed,Gift Card
1959,568,2025-01-03,Completed,PayPal
1960,568,2025-02-19,Cancelled,Card
1961,568,2026-07-06,Completed,PayPal
1962,568,2026-03-11,Completed,Card
1963,568,2025-05-13,Completed,Gift Card
1964,568,2025-02-16,Completed,Bank Transfer
1965,568,2026-08-06,Returned,PayPal
1966,568,2026-02-04,Completed,Gift Card
1967,568,2025-06-30,Completed,Bank Transfer
1968,568,2025-09-10,Cancelled,Card
1969,568,2026-05-02,Completed,Gift Card
1970,569,2025-08-19,Completed,Bank Transfer
1971,569,2025-09-10,Completed,Gift Card
1972,569,2025-07-10,Completed,Card
1973,570,2026-07-24,Completed,Card
1974,570,2026-07-11,Returned,Bank Transfer
1975,570,2026-07-20,Completed,PayPal
1976,570,2026-02-11,Completed,Gift Card
1977,571,2024-05-09,Completed,PayPal
1978,572,2026-05-18,Completed,Card
1979,572,2026-07-13,Completed,PayPal
1980,572,2026-06-05,Completed,PayPal
1981,572,2025-12-24,Completed,PayPal
1982,573,2026-03-14,Completed,Card
1983,573,2025-02-01,Completed,Bank Transfer
1984,573,2026-08-01,Completed,PayPal
1985,574,2025-11-03,Completed,Card
1986,576,2025-07-04,Cancelled,Card
1987,576,2026-08-30,Completed,Gift Card
1988,576,2025-04-27,Completed,Card
1989,577,2026-03-29,Returned,Bank Transfer
1990,577,2026-05-22,Completed,Gift Card
1991,578,2026-06-18,Completed,Card
1992,578,2025-03-15,Returned,Card
1993,578,2026-08-06,Completed,Card
1994,578,2024-12-06,Completed,Bank Transfer
1995,580,2026-08-14,Completed,Card
1996,580,2026-06-15,Completed,Bank Transfer
1997,581,2023-02-01,Completed,Bank Transfer
1998,582,2024-10-17,Completed,PayPal
1999,582,2026-04-09,Completed,PayPal
2000,583,2026-06-23,Completed,Gift Card
2001,583,2026-05-30,Completed,Bank Transfer
2002,583,2026-03-18,Completed,Bank Transfer
2003,583,2026-09-10,Completed,Gift Card
2004,583,2025-10-24,Completed,Bank Transfer
2005,584,2026-01-23,Completed,PayPal
2006,584,2025-12-02,Completed,Card
2007,585,2025-02-24,Completed,Card
2008,585,2025-02-12,Completed,Bank Transfer
2009,586,2026-03-20,Completed,PayPal
2010,586,2026-07-21,Completed,Bank Transfer
2011,587,2025-06-15,Returned,Card
2012,587,2025-11-15,Completed,Gift Card
2013,587,2026-06-03,Completed,PayPal
2014,588,2026-05-17,Completed,Card
2015,588,2025-05-27,Completed,Bank Transfer
2016,589,2026-08-13,Completed,Gift Card
2017,589,2026-08-10,Completed,Card
2018,589,2026-04-22,Completed,Card
2019,589,2026-08-15,Completed,Gift Card
2020,590,2025-07-10,Completed,Bank Transfer
2021,590,2023-09-23,Completed,Gift Card
2022,590,2023-08-13,Completed,Bank Transfer
2023,590,2024-07-07,Completed,Card
2024,590,2024-08-07,Returned,Card
2025,591,2025-06-21,Completed,Card
2026,591,2025-10-07,Completed,Bank Transfer
2027,591,2025-09-19,Cancelled,PayPal
2028,592,2025-11-11,Completed,PayPal
2029,592,2024-12-25,Completed,Bank Transfer
2030,592,2026-09-13,Completed,Card
2031,592,2025-08-11,Completed,Bank Transfer
2032,593,2026-08-21,Completed,Gift Card
2033,593,2026-09-03,Completed,PayPal
2034,594,2026-01-24,Completed,Bank Transfer
2035,595,2026-02-18,Returned,Bank Transfer
2036,595,2023-05-07,Completed,PayPal
2037,595,2025-01-31,Completed,PayPal
2038,596,2026-07-03,Completed,Gift Card
2039,596,2026-06-20,Completed,PayPal
2040,596,2026-05-30,Completed,Card
2041,596,2026-06-02,Completed,Card
2042,596,2026-03-14,Completed,Bank Transfer
2043,597,2023-03-03,Completed,Card
2044,597,2025-06-09,Completed,Bank Transfer
2045,597,2026-03-07,Completed,Bank Transfer
2046,597,2025-06-13,Completed,PayPal
2047,597,2024-12-05,Completed,PayPal
2048,597,2026-06-02,Completed,Card
2049,597,2023-04-10,Completed,Bank Transfer
2050,597,2025-06-09,Completed,Gift Card
2051,598,2026-08-07,Completed,Card
2052,598,2026-04-29,Completed,Bank Transfer
2053,598,2026-06-11,Completed,PayPal
2054,599,2023-08-04,Completed,Bank Transfer
2055,599,2026-07-19,Completed,Gift Card
2056,599,2024-02-25,Completed,Bank Transfer
2057,599,2024-10-26,Completed,Gift Card
2058,600,2025-11-09,Completed,PayPal
2059,600,2025-11-24,Completed,Gift Card
2060,600,2026-08-01,Completed,Card
