review_id,product_id,customer_id,rating,review_date
1,46,1,5,2026-09-24
2,13,1,4,2026-09-27
3,9,1,4,2026-08-29
4,41,1,5,2026-09-30
5,27,1,3,2026-09-04
6,9,9,1,2026-09-04
7,47,9,1,2026-06-21
8,22,9,5,2026-06-07
9,2,10,5,2024-02-19
10,44,12,4,2025-09-20
11,4,12,5,2025-09-04
12,36,13,3,2024-06-28
13,10,15,5,2025-02-22
14,31,15,4,2023-11-09
15,26,15,4,2025-11-24
16,14,15,4,2026-09-04
17,43,15,3,2025-02-10
18,41,16,4,2024-04-22
19,16,16,3,2025-10-11
20,32,16,3,2024-01-15
21,30,17,5,2025-04-26
22,40,17,5,2025-03-27
23,34,17,2,2024-04-26
24,40,18,5,2026-07-14
25,29,18,5,2025-03-30
26,4,25,4,2026-01-09
27,10,25,4,2026-01-06
28,29,27,4,2026-01-18
29,44,27,3,2026-02-06
30,17,27,5,2025-10-14
31,17,27,4,2026-06-14
32,13,28,1,2025-09-25
33,50,29,3,2026-07-07
34,21,29,4,2025-11-08
35,24,30,1,2024-03-14
36,17,31,4,2024-11-06
37,14,32,3,2026-09-13
38,36,34,5,2026-09-23
39,42,34,3,2026-04-06
40,28,36,5,2024-08-28
41,41,37,3,2026-04-01
42,32,37,5,2026-08-03
43,38,38,5,2024-07-13
44,51,38,4,2025-07-07
45,19,40,5,2025-02-28
46,51,41,2,2026-09-28
47,24,41,4,2025-10-04
48,46,43,5,2026-08-11
49,32,43,4,2026-09-30
50,34,43,4,2025-01-13
51,15,46,5,2023-10-01
52,12,47,4,2025-08-04
53,13,47,5,2025-12-19
54,13,47,5,2026-02-06
55,31,47,4,2024-03-29
56,34,47,4,2024-12-05
57,3,47,5,2025-01-06
58,31,48,4,2026-03-08
59,15,49,4,2026-08-05
60,10,50,4,2026-06-14
61,34,50,2,2024-08-03
62,5,50,4,2024-07-31
63,14,50,3,2026-08-15
64,16,50,1,2025-10-07
65,40,50,3,2026-06-14
66,16,51,5,2025-11-09
67,50,51,5,2025-02-08
68,34,51,3,2026-03-07
69,29,53,5,2026-05-30
70,43,54,3,2023-08-21
71,15,54,5,2023-12-04
72,51,55,5,2026-03-31
73,1,55,5,2026-03-29
74,4,55,4,2026-06-03
75,21,55,4,2025-11-26
76,38,56,5,2025-11-28
77,48,56,4,2026-05-31
78,51,57,1,2024-09-16
79,43,57,1,2025-04-26
80,27,58,5,2025-03-16
81,48,58,5,2026-05-19
82,32,59,2,2026-09-19
83,27,60,5,2024-07-04
84,32,63,4,2025-05-17
85,17,64,4,2023-09-19
86,12,64,2,2023-08-19
87,35,65,4,2024-07-28
88,8,65,4,2025-02-23
89,24,66,5,2025-02-05
90,48,66,5,2026-07-09
91,22,66,5,2025-03-10
92,41,69,4,2025-08-20
93,41,69,1,2026-09-06
94,27,69,1,2025-12-25
95,23,71,4,2025-10-31
96,17,73,4,2026-02-28
97,41,73,2,2026-01-26
98,28,74,4,2025-04-11
99,4,75,4,2024-08-08
100,28,75,5,2025-08-26
101,11,78,3,2026-09-10
102,37,78,3,2026-09-30
103,6,82,5,2023-12-18
104,11,86,4,2026-05-16
105,36,87,1,2025-08-04
106,44,89,5,2025-07-27
107,18,89,2,2024-02-07
108,38,89,5,2024-03-03
109,24,91,5,2026-02-16
110,43,96,5,2026-02-25
111,41,96,5,2026-02-03
112,28,96,4,2026-03-16
113,46,98,5,2024-12-07
114,19,100,4,2025-08-29
115,13,101,4,2025-07-15
116,26,101,3,2025-12-21
117,3,101,4,2025-08-07
118,7,102,2,2026-09-21
119,5,103,5,2024-02-16
120,24,103,4,2025-03-09
121,2,104,1,2026-01-25
122,35,106,4,2025-01-16
123,9,108,4,2026-03-05
124,15,109,4,2026-09-12
125,30,109,5,2026-09-20
126,23,109,5,2026-09-04
127,47,109,3,2026-09-24
128,10,111,5,2024-09-29
129,50,112,2,2024-06-09
130,37,112,5,2025-01-10
131,6,114,2,2025-10-27
132,47,114,4,2026-01-07
133,7,117,4,2025-09-13
134,16,117,4,2025-11-17
135,46,117,5,2026-05-26
136,20,118,5,2024-08-01
137,43,119,4,2026-04-04
138,38,121,2,2026-05-21
139,37,121,1,2026-07-24
140,49,121,4,2026-07-06
141,4,121,3,2026-06-30
142,22,121,4,2026-07-12
143,7,122,4,2026-07-22
144,39,122,5,2026-09-27
145,18,123,5,2025-08-03
146,35,123,2,2024-09-17
147,42,123,5,2023-12-27
148,5,124,4,2025-12-16
149,8,124,5,2025-09-12
150,8,124,5,2025-04-12
151,22,124,4,2025-12-28
152,13,124,4,2025-03-01
153,24,126,4,2026-06-06
154,37,126,5,2026-07-03
155,3,127,3,2026-04-06
156,10,127,4,2026-07-31
157,49,127,2,2026-03-25
158,42,127,4,2026-04-28
159,37,127,3,2026-02-20
160,47,127,5,2026-03-19
161,33,131,1,2024-12-24
162,50,132,3,2025-12-11
163,22,133,5,2025-04-06
164,10,134,1,2026-01-01
165,34,134,3,2026-09-07
166,6,137,3,2026-06-19
167,42,137,3,2026-05-03
168,4,138,3,2026-07-06
169,16,139,5,2024-08-04
170,9,140,4,2026-04-03
171,42,140,4,2025-06-02
172,12,141,4,2025-05-07
173,21,144,5,2024-01-29
174,20,144,1,2026-01-11
175,15,145,5,2025-12-15
176,39,145,5,2024-03-04
177,6,145,4,2025-09-23
178,51,149,4,2026-01-23
179,27,150,4,2024-09-29
180,35,150,3,2026-05-09
181,15,151,4,2026-07-28
182,36,152,2,2026-06-08
183,43,153,5,2025-10-07
184,13,153,5,2025-11-26
185,18,154,4,2023-04-28
186,5,154,5,2025-09-12
187,18,154,4,2025-10-14
188,28,157,3,2024-08-12
189,22,158,5,2025-09-03
190,47,159,3,2026-07-12
191,23,160,5,2026-08-31
192,33,160,5,2026-09-05
193,35,161,4,2026-07-26
194,17,161,5,2024-12-08
195,37,162,1,2025-11-24
196,18,163,3,2026-05-21
197,11,165,5,2026-09-13
198,7,168,4,2026-04-09
199,34,170,4,2026-06-10
200,11,172,4,2025-06-29
201,5,172,1,2025-09-01
202,41,173,5,2024-11-01
203,33,175,3,2026-01-12
204,39,178,5,2026-03-11
205,35,178,2,2025-09-04
206,32,178,4,2026-06-01
207,23,181,5,2024-12-25
208,29,181,5,2026-01-14
209,29,183,4,2025-04-07
210,46,185,5,2025-04-18
211,33,185,5,2026-04-26
212,27,186,5,2025-02-18
213,8,186,4,2024-03-18
214,9,188,5,2023-10-17
215,29,190,5,2025-06-02
216,30,194,5,2025-02-04
217,28,194,5,2026-06-15
218,5,194,4,2025-10-08
219,32,194,2,2026-06-16
220,12,197,5,2026-01-30
221,33,201,4,2026-07-30
222,1,201,5,2024-12-21
223,24,202,1,2024-01-23
224,49,202,5,2023-12-09
225,22,203,4,2026-02-27
226,48,205,5,2023-09-04
227,45,207,5,2025-08-10
228,38,209,4,2026-04-29
229,31,209,5,2026-04-15
230,19,210,2,2026-04-26
231,48,212,5,2025-08-26
232,25,213,5,2024-12-25
233,24,213,4,2026-03-26
234,7,214,5,2024-03-26
235,49,215,2,2025-01-18
236,28,217,5,2026-05-10
237,2,222,4,2025-12-12
238,17,224,4,2025-09-29
239,29,224,1,2026-01-18
240,12,225,4,2024-12-15
241,44,225,3,2025-10-06
242,31,225,2,2025-02-13
243,34,225,5,2025-05-18
244,9,226,3,2025-04-04
245,29,227,4,2025-07-19
246,42,227,5,2026-07-05
247,44,228,4,2025-09-12
248,15,228,5,2025-12-24
249,22,229,3,2025-08-20
250,2,231,4,2026-07-22
251,4,231,4,2024-10-05
252,47,235,5,2025-08-23
253,35,235,4,2025-04-21
254,28,235,5,2026-05-26
255,8,235,5,2025-06-26
256,3,235,3,2025-12-18
257,48,239,4,2024-02-21
258,23,240,5,2023-08-16
259,19,240,5,2025-11-13
260,12,241,5,2026-01-26
261,23,244,4,2025-06-07
262,19,244,3,2026-09-23
263,47,244,1,2026-01-30
264,1,244,4,2025-09-20
265,33,244,4,2026-02-24
266,30,247,5,2025-10-12
267,5,247,2,2024-01-04
268,23,249,3,2025-06-30
269,34,251,5,2025-04-16
270,5,253,3,2025-07-10
271,23,253,4,2025-11-24
272,9,254,3,2025-09-15
273,23,255,3,2024-01-31
274,41,261,4,2026-07-08
275,42,261,4,2026-09-08
276,15,263,3,2026-06-02
277,23,265,4,2026-05-28
278,16,265,5,2025-03-10
279,43,267,4,2026-08-22
280,13,268,2,2025-09-04
281,2,268,3,2025-11-26
282,12,271,4,2025-08-31
283,11,273,4,2026-08-17
284,4,274,2,2026-09-14
285,26,274,5,2026-09-23
286,35,275,5,2025-01-06
287,13,276,5,2025-12-25
288,15,277,5,2026-06-19
289,39,278,4,2026-02-05
290,28,278,4,2026-08-10
291,31,278,5,2026-06-19
292,5,279,5,2025-03-23
293,34,280,4,2026-07-28
294,22,281,3,2026-08-19
295,3,281,5,2026-08-20
296,33,281,1,2026-05-28
297,17,282,1,2025-05-22
298,34,288,5,2026-08-29
299,39,288,3,2026-08-25
300,36,290,4,2026-05-08
301,8,291,5,2025-11-08
302,37,291,4,2025-10-07
303,42,292,4,2026-08-13
304,4,293,5,2025-03-01
305,30,293,3,2026-01-02
306,15,293,4,2025-08-17
307,24,294,4,2025-04-25
308,1,294,5,2025-05-10
309,48,295,5,2026-08-01
310,41,295,4,2025-06-06
311,25,295,3,2025-02-12
312,22,295,5,2026-07-14
313,18,295,5,2025-02-04
314,20,295,4,2025-07-15
315,27,300,2,2023-12-05
316,3,300,2,2024-12-15
317,42,301,5,2026-07-16
318,5,302,4,2025-08-02
319,51,302,1,2025-03-09
320,22,303,5,2026-09-08
321,9,311,5,2025-11-28
322,35,313,2,2025-09-13
323,18,313,1,2025-07-20
324,14,313,4,2025-12-10
325,11,314,5,2026-09-17
326,15,314,5,2026-09-19
327,44,317,1,2026-03-10
328,6,317,4,2026-07-24
329,43,318,5,2026-09-16
330,19,318,1,2026-08-15
331,17,321,5,2026-01-01
332,10,321,5,2026-06-02
333,51,322,5,2026-09-06
334,11,322,5,2026-09-13
335,5,322,5,2026-09-28
336,33,322,5,2026-08-16
337,10,323,5,2026-06-12
338,30,323,2,2026-07-25
339,2,325,4,2026-05-05
340,42,325,4,2025-11-24
341,17,325,4,2025-08-01
342,24,325,3,2026-02-15
343,47,327,5,2026-06-24
344,23,327,3,2024-06-26
345,5,328,5,2024-08-13
346,45,329,4,2026-08-24
347,5,329,4,2026-04-01
348,18,332,3,2026-09-12
349,20,332,5,2024-09-22
350,3,332,5,2025-12-06
351,41,333,5,2026-08-04
352,51,333,4,2026-08-09
353,31,333,2,2026-09-12
354,14,333,4,2026-07-25
355,35,334,3,2026-07-07
356,45,334,5,2026-09-11
357,41,335,5,2025-06-25
358,24,336,2,2025-01-03
359,22,337,4,2026-09-01
360,34,338,3,2024-12-15
361,26,338,5,2025-10-19
362,48,339,4,2025-03-09
363,48,341,4,2024-10-14
364,30,342,4,2026-08-03
365,11,343,2,2026-06-02
366,37,344,5,2025-02-10
367,36,344,4,2026-04-20
368,10,344,5,2025-12-08
369,33,345,4,2025-02-03
370,17,345,3,2026-02-22
371,23,345,2,2024-12-10
372,26,346,3,2026-03-17
373,50,346,1,2026-09-25
374,4,346,5,2025-11-29
375,47,349,4,2025-06-29
376,40,350,5,2026-07-19
377,24,351,5,2025-09-12
378,3,352,5,2026-07-19
379,33,354,3,2025-04-14
380,16,355,4,2024-10-04
381,21,356,5,2026-09-24
382,42,361,4,2025-12-09
383,49,362,3,2026-05-20
384,32,362,2,2026-06-13
385,10,365,4,2026-05-16
386,25,365,5,2026-06-15
387,39,365,5,2025-12-16
388,35,365,4,2026-05-19
389,45,366,5,2025-08-10
390,2,366,5,2024-09-02
391,17,368,3,2026-07-12
392,14,369,5,2026-09-23
393,30,370,2,2026-08-07
394,20,378,5,2026-02-27
395,8,380,3,2025-06-28
396,26,381,4,2024-04-17
397,46,381,3,2024-12-21
398,6,382,5,2026-02-18
399,6,389,4,2026-09-01
400,6,390,5,2026-06-07
401,1,390,4,2026-02-28
402,37,390,2,2026-03-15
403,6,391,5,2024-07-25
404,47,391,4,2024-10-01
405,32,391,5,2026-04-05
406,2,392,5,2025-07-27
407,34,395,4,2025-08-03
408,31,395,5,2024-04-19
409,9,395,5,2026-04-11
410,6,396,4,2026-09-17
411,21,397,4,2026-02-24
412,28,397,5,2025-07-24
413,19,398,4,2026-08-06
414,3,400,2,2025-11-05
415,29,403,4,2024-10-30
416,10,404,3,2026-02-18
417,49,404,4,2026-03-16
418,25,404,4,2026-07-23
419,15,404,4,2026-09-21
420,16,404,5,2026-08-17
421,22,404,5,2026-05-13
422,10,405,1,2026-08-17
423,14,405,3,2026-03-24
424,13,407,4,2025-10-18
425,37,407,4,2025-07-03
426,47,410,2,2024-02-09
427,19,410,5,2025-11-23
428,33,411,4,2024-07-27
429,15,411,2,2023-04-09
430,48,412,4,2026-05-29
431,37,414,5,2025-12-21
432,21,414,3,2026-03-11
433,11,414,5,2025-12-15
434,24,416,5,2026-08-19
435,9,417,1,2025-06-18
436,13,419,4,2025-11-22
437,51,419,4,2026-09-02
438,23,420,5,2026-09-24
439,16,420,5,2026-09-19
440,20,420,4,2026-09-18
441,2,421,4,2026-08-18
442,30,422,4,2025-05-15
443,44,423,4,2026-04-04
444,45,424,4,2025-08-05
445,36,426,5,2026-04-22
446,9,427,3,2026-07-07
447,38,427,4,2026-05-20
448,43,436,3,2025-06-28
449,26,436,4,2024-05-12
450,12,437,5,2025-03-12
451,33,437,4,2025-03-28
452,36,437,4,2024-06-08
453,50,438,5,2026-04-03
454,21,441,4,2024-01-29
455,1,441,2,2026-07-04
456,9,442,4,2026-03-20
457,11,444,4,2025-08-05
458,18,444,2,2025-09-30
459,33,444,4,2025-04-03
460,42,445,4,2025-10-10
461,32,445,5,2025-12-07
462,1,448,4,2026-08-07
463,49,448,2,2026-06-05
464,50,449,4,2026-02-25
465,39,451,3,2025-09-05
466,24,452,2,2026-07-26
467,33,452,5,2026-04-27
468,40,452,4,2025-12-18
469,13,452,1,2026-01-30
470,27,452,5,2025-10-23
471,51,452,4,2025-10-18
472,31,453,5,2026-07-14
473,15,453,5,2026-05-03
474,38,453,3,2026-05-27
475,45,453,4,2026-09-05
476,9,453,3,2026-06-02
477,3,453,5,2026-06-15
478,27,454,5,2026-09-17
479,34,456,5,2026-08-05
480,19,457,3,2025-11-16
481,38,457,4,2026-08-31
482,21,458,5,2026-03-17
483,14,460,5,2025-03-29
484,50,460,3,2026-01-04
485,11,461,4,2026-09-19
486,9,461,4,2026-05-16
487,8,462,5,2026-02-09
488,3,463,4,2026-03-31
489,42,463,4,2026-02-28
490,26,463,3,2026-05-25
491,49,466,5,2023-07-04
492,9,468,5,2026-09-04
493,32,470,4,2025-03-13
494,12,473,3,2025-08-16
495,35,476,3,2026-02-19
496,25,476,3,2026-02-04
497,12,477,5,2026-08-14
498,25,478,1,2026-06-24
499,39,479,5,2026-02-26
500,5,479,4,2023-09-27
501,9,479,5,2025-11-20
502,25,479,3,2025-12-06
503,39,479,1,2024-04-17
504,18,480,5,2026-09-15
505,20,481,5,2026-03-19
506,2,482,2,2026-08-19
507,24,485,4,2025-11-22
508,12,485,2,2025-11-14
509,9,485,5,2026-07-29
510,17,485,4,2026-02-18
511,41,485,3,2026-01-31
512,42,486,5,2024-12-12
513,20,487,5,2023-06-14
514,46,488,4,2026-02-11
515,10,489,4,2024-03-31
516,43,490,4,2026-03-02
517,28,490,5,2025-10-09
518,18,491,5,2026-03-27
519,5,492,5,2026-05-29
520,33,494,5,2024-03-27
521,3,496,5,2024-07-27
522,39,496,3,2024-11-29
523,16,496,3,2025-12-11
524,35,497,3,2025-06-26
525,48,497,1,2023-09-21
526,24,498,5,2025-05-28
527,37,498,1,2026-04-08
528,30,499,4,2026-09-17
529,45,499,5,2024-07-06
530,31,503,5,2024-03-16
531,34,503,4,2025-05-12
532,50,504,5,2025-11-18
533,24,505,5,2026-09-19
534,45,505,5,2026-06-23
535,35,507,4,2024-09-03
536,29,507,3,2026-02-18
537,9,508,3,2026-04-28
538,40,509,4,2023-11-04
539,40,510,2,2026-09-30
540,11,511,5,2025-02-03
541,24,511,4,2026-10-01
542,28,511,5,2025-04-27
543,24,511,2,2026-06-05
544,9,512,5,2026-09-14
545,35,512,5,2026-08-06
546,2,514,3,2024-01-19
547,8,516,3,2026-07-27
548,23,516,5,2026-07-31
549,36,516,5,2026-08-24
550,24,516,2,2026-08-28
551,23,517,2,2023-08-03
552,19,518,5,2025-03-29
553,51,518,5,2024-12-31
554,5,518,4,2023-12-24
555,41,519,4,2026-09-14
556,17,519,5,2026-08-24
557,44,520,3,2026-02-17
558,37,522,5,2024-12-16
559,4,523,5,2026-07-18
560,47,523,4,2026-04-04
561,31,523,3,2025-03-26
562,12,523,5,2025-09-24
563,3,523,5,2026-09-11
564,1,523,2,2023-01-16
565,16,525,2,2025-02-06
566,31,525,3,2026-04-19
567,38,525,5,2025-06-18
568,25,525,5,2025-05-09
569,44,525,5,2025-07-26
570,13,525,4,2026-07-23
571,50,525,4,2026-07-04
572,30,525,3,2026-04-14
573,36,529,4,2024-11-16
574,38,530,5,2024-08-17
575,46,531,5,2026-07-23
576,32,533,5,2024-03-16
577,38,535,5,2025-04-30
578,41,535,2,2025-11-09
579,3,535,3,2025-06-22
580,4,535,4,2026-03-13
581,1,535,4,2025-12-24
582,50,536,2,2024-06-28
583,6,537,5,2026-06-09
584,3,541,1,2026-09-22
585,5,542,4,2026-07-23
586,46,543,4,2026-04-15
587,48,543,4,2025-03-08
588,36,543,5,2025-01-25
589,12,544,5,2024-03-28
590,42,545,4,2025-02-09
591,48,545,5,2026-09-23
592,31,550,5,2024-09-06
593,2,550,5,2025-08-24
594,39,550,5,2025-06-06
595,7,552,4,2024-01-30
596,16,552,4,2024-07-22
597,11,554,4,2026-03-14
598,10,557,5,2026-08-15
599,47,557,4,2026-08-04
600,23,560,4,2025-05-20
601,33,562,5,2025-10-03
602,43,564,5,2025-06-27
603,17,564,3,2024-10-06
604,33,564,5,2026-05-01
605,2,565,5,2024-08-08
606,33,565,3,2026-05-31
607,16,566,3,2024-06-17
608,30,568,5,2026-01-18
609,36,568,1,2025-01-19
610,35,568,5,2025-03-04
611,21,568,3,2026-02-24
612,33,568,5,2025-07-19
613,32,569,5,2025-09-07
614,12,569,2,2025-09-18
615,45,570,4,2026-02-16
616,4,572,5,2026-06-07
617,5,572,4,2025-12-30
618,42,573,1,2025-02-08
619,9,577,5,2026-06-06
620,43,580,1,2026-06-24
621,15,584,5,2025-12-18
622,46,585,2,2025-03-05
623,46,585,5,2025-02-19
624,32,586,3,2026-03-27
625,9,587,3,2025-11-30
626,7,588,3,2025-06-15
627,46,589,5,2026-08-14
628,37,589,3,2026-05-06
629,30,590,5,2024-07-19
630,44,591,5,2025-10-22
631,42,593,2,2026-09-23
632,13,594,5,2026-02-06
633,33,595,4,2023-05-23
634,23,597,5,2024-12-23
635,45,600,4,2025-12-14
